SaleAge,Age,Stories,AreaID,LivingSqFt,LotSize,Garage,BathsTotal,Bedrooms,Filteredaddress,SalePrice
6011,51,2,659,1420,7250,1,2.5,3,319 Manor Dr,280000
1797,62,1,659,1110,7200,1,1,3,168 Mckinney Av,330000
2226,61,1,659,1709,7000,1,2,3,255 Milagra Dr,340000
2223,48,2,652,1300,12622,3,2.5,3,38 Alviso Ct,355000
3248,54,2,651,1620,5000,2,2,4,1659 Linda Mar Bl,360500
3603,59,1,659,1370,5616,1,2,4,552 Palmetto Av,362000
2120,51,2,651,1120,6750,2,2,3,1460 Crespi Dr,370000
5900,44,1,652,1530,7250,2,2,4,Crespi Dr,377000
6140,41,1,651,1190,5500,2,2,4,Manzanita Dr,381000
2955,55,1,659,1310,7410,2,1,3,451 Milagra Dr,385000
1789,53,1,651,1640,4500,2,2,4,815 Dell Rd,390000
5779,47,1,651,1420,5000,2,1,3,659 Montezuma Dr,395000
6073,41,1,654,1120,5500,2,2,3,Fern Av,395000
1742,64,1,657,1110,6000,2,1,2,498 Paloma Av,395000
2175,58,1,651,1480,5100,2,2,4,1319 Peralta Rd,400000
2321,56,1,651,1480,6076,1,1,3,703 Corona Dr,400000
2279,49,2,652,1460,9600,2,2,3,1122 Banyan Wy,400000
1981,53,2,655,1750,5000,1,2,3,540 Rockaway Beach Av,404000
5856,42,1,651,1160,5300,2,2,3,812 Standish Rd,408000
2092,31,1,657,1390,4250,2,2,3,363 Moana Pl,408000
2167,56,1,654,1120,5000,2,2,3,724 Reina Del Mar Av,409000
2135,52,2,651,1400,7080,2,2,3,51 Oviedo Ct,410000
2097,48,2,652,1580,5916,2,2,3,1315 Redwood Wy,410000
2064,65,1,659,1280,6460,1,1,3,203 Avalon Dr,410000
2661,62,1,659,1340,5525,1,1.5,3,424 Fremont Av,412000
5909,38,2,654,1140,4650,2,2,3,277 Piedmont Av,415000
6066,40,1,651,1110,4661,2,2,3,1541 Crespi Dr,419800
5530,27,1,657,1250,4569,2,2,2,Moana Wy,420000
2357,49,2,652,1550,6900,2,3,3,1163 Banyan Wy,420000
2301,57,1,651,1460,5000,2,2,3,1140 De Solo Dr,420000
2465,56,1,655,1450,5000,2,2,3,219 Greenway Dr,422000
5901,47,1,651,1390,5500,2,1,3,Address Not Disclosed,424000
6193,39,1,651,1100,5500,2,2,3,Seville Dr,425000
5870,40,1,651,1100,6637,2,2,3,1440 Crespi Dr,426000
2106,57,1,655,1450,5408,2,2,3,327 Seaside Dr,426000
5530,42,2,651,1300,8250,2,1.5,3,Address Not Disclosed,427000
2210,64,1,659,1260,5525,2,2,3,411 Del Mar Av,429000
6179,36,1,651,1500,5500,2,2,4,1327 Poplar Av,430000
6200,35,2,652,1590,7252,2,3,4,1257 Lerida Wy,430000
2504,56,2,657,2110,7420,1,2,5,497 Pacific Av,430000
2087,33,2,657,1660,3000,2,2.5,3,363 Pacific Av,430000
1979,48,2,652,1110,15310,2,2,3,15 Acacia Ct,430000
2090,58,1,651,1240,5000,2,1.5,4,1423 Flores Dr,432000
6009,46,2,654,1170,7250,2,2,3,256 Lauren Av,435000
6066,37,2,655,1370,5000,1,2,3,Rockaway Beach Av,439950
5782,44,1,651,1350,4000,2,2,3,1275 Crespi Dr,439950
5874,34,2,653,1580,8970,2,3,4,Big Sur Wy,440000
6041,46,2,654,1170,5500,2,2,3,Hillside Dr,440000
6185,33,1,653,1100,5500,2,2,3,1068 Everglades Dr,440000
5684,40,1,651,1230,5300,2,2,2,807 Standish Rd,440000
2391,39,2,653,1360,6000,2,2,4,1124 Glacier Av,440000
2373,63,1,659,1260,5525,2,2,4,407 Del Mar Av,440000
2153,43,2,653,1430,7900,2,2,5,1041 Everglades Dr,440000
2267,53,1,651,1100,6936,2,2,3,1252 Seville Dr,440000
2113,40,2,653,1410,6960,2,3,3,9 Carleton Pl,440000
1957,53,1,651,1230,5100,2,2,3,811 Standish Rd,440000
2158,58,1,651,1920,6180,2,2,3,983 La Mirada Wy,441000
2279,36,2,653,2660,5000,1,2,3,1140 Oddstad Bl,442600
5926,41,2,651,2200,7614,2,2,3,Seville Dr,445000
6047,47,1,651,1350,5858,2,1,3,1250 Hermosa Av,445000
3070,47,1,652,1190,9834,2,2,4,1554 Miranda Ct,445000
2645,57,1,651,1500,8528,2,2,2,1019 Rio Vista Dr,445000
2373,64,1,659,1140,5270,2,1,2,528 Del Mar Av,445000
5685,40,2,652,1170,4000,2,2,3,1290 Alicante Dr,445500
5783,45,2,651,1420,5000,2,2,4,1343 Alicante Dr,446000
6129,41,2,654,1230,5500,2,2,3,Address Not Disclosed,447300
2394,52,1,651,1100,5000,2,2,3,1152 Seville Dr,447500
5738,48,1,651,1460,5750,2,1.5,3,1035 Anza Dr,449000
5517,41,2,651,1320,6750,2,2,3,1448 Crespi Dr,449820
6062,38,2,654,1150,5500,2,3,4,Address Not Disclosed,449950
5352,56,1,659,1100,5270,2,1.5,2,Johnson Av,450000
6173,37,2,654,1150,5950,2,3,4,Address Not Disclosed,450000
5060,42,1,651,1190,5000,2,2,4,1038 Fassler Av,450000
5236,52,1,659,1110,5454,1,1,3,172 Mckinney Av,450000
5409,43,1,652,1110,8000,2,2,3,1059 View Wy,450000
5639,55,1,659,1240,5270,2,2,4,508 Johnson Av,450000
5688,52,1,659,1650,7250,2,2,3,219 Nelson Av,450000
5737,42,1,651,1195,5625,2,2,3,Address Not Disclosed,450000
2265,49,2,652,1470,7350,2,2,3,1127 Banyan Wy,450000
2225,39,2,653,1360,5400,2,2,4,762 Prairie Creek Dr,450000
6137,54,1,659,1460,5270,2,2.5,3,Del Mar Av,451000
6068,44,1,656,1500,5500,2,2,3,Address Not Disclosed,452000
6147,40,2,651,1490,4111,2,2,3,1052 Manzanita Dr,453000
5444,52,1,659,1110,5500,1,1,3,144 Mckinney Av,453000
2511,57,1,651,1515,5000,2,2,3,715 Montezuma Dr,453000
2167,57,1,651,1290,9000,2,2,3,990 Alta Vista Dr,453750
5877,45,2,654,1160,5471,2,2,3,228 Modoc Pl,454000
2682,43,2,657,1550,3015,2,2,2,417 Loma Vista Te,454000
5836,41,1,651,1110,5500,2,2,3,1076 Manzanita Dr,455000
5920,47,1,651,1430,6180,2,2,4,1203 Escalero Av,455000
5979,32,2,653,1190,11656,2,2,3,Kathleen Ct,455000
6148,41,2,651,1560,5500,2,2,4,1242 Alicante Dr,455000
5395,46,1,656,1130,5500,2,2,3,Cindy Wy,455000
5779,40,2,652,1590,9000,2,2,4,1360 Crespi Dr,455000
3014,57,2,657,1100,2550,1,1,3,390 Pacific Av,455000
2468,57,1,651,1600,5000,2,2,4,1443 Flores Dr,455000
2391,36,1,657,1250,4601,2,2,2,415 Moana Wy,455000
2017,58,1,651,1200,5000,2,1,3,1503 Adobe Dr,455000
5835,47,1,656,1650,5000,2,2,3,258 Marina Wy,457500
6027,23,2,655,1330,5500,2,2,3,767 Rockaway Beach Av,458000
6052,44,1,656,1130,6000,2,2,3,704 Arleen Wy,459500
6012,38,2,652,1170,5500,2,3,3,1158 Alicante Dr,460000
6208,45,1,656,1450,5000,2,2,2,376 Fairway Dr,460000
5436,22,2,655,1390,2548,2,2,2,420 Buel Av,460000
5551,40,2,652,1480,5420,2,2,3,1547 Victoria Wy,460000
2713,50,2,652,1860,7500,2,2,4,1242 Alicante Dr,460000
2224,22,2,655,1340,2500,2,2.5,3,520 Rockaway Beach Av,460000
2071,39,2,653,1880,5472,2,2.5,3,1250 Oddstad Bl,460000
1908,48,2,652,1680,8192,2,2.5,3,1025 Banyan Wy,460000
5999,47,1,651,1540,5000,2,2,3,Address Not Disclosed,460950
5500,46,2,654,2034,5500,2,3,4,205 Hillside Dr,463000
5886,32,2,653,1100,5000,2,3,3,1152 Park Pacifica Av,465000
5955,50,1,654,1320,7500,2,1,2,171 Bonita Av,465000
5254,52,1,659,1110,7936,1,1,2,156 Mckinney Av,465000
5884,31,2,651,1500,8150,2,3,3,1233 Alicante Dr,465000
2678,69,2,657,1140,5100,2,2,3,321 Charing Cross Wy,465000
5608,47,1,651,1500,6490,2,2,3,675 Crespi Dr,468000
5758,48,1,651,1390,5500,2,1,3,1236 Hermosa Av,469000
5814,40,1,651,1430,5500,2,2,3,884 Alta Vista Dr,469000
5760,52,1,651,1700,7550,2,2,3,935 Anza Dr,469950
6136,46,1,651,1290,4000,2,2,3,Address Not Disclosed,470000
5649,38,2,651,1420,5459,2,2,3,Crespi Dr,470000
5639,45,1,651,1380,5500,2,2,3,1140 Palou Dr,470000
5761,42,2,652,1490,8525,2,2,3,Alicante Dr,470000
5787,47,1,651,1360,4950,2,2,3,812 Arguello Bl,470000
3077,49,1,651,1490,9632,2,2,3,64 Oviedo Ct,470000
2167,46,2,653,2410,8190,2,3,5,1132 Park Pacifica Av,470000
6118,36,2,657,1490,9858,2,2,3,Address Not Disclosed,472000
5695,48,1,651,1480,6000,2,2,3,Anza Dr,472000
2937,54,1,657,1160,4500,1,1,2,382 Paloma Av,472000
5808,30,2,653,2350,5500,2,2,4,Address Not Disclosed,475000
3266,47,1,652,1100,5694,2,2,3,1069 Fassler Av,475000
5926,47,1,651,1750,5500,2,2,3,816 Serena Dr,475000
5300,47,1,656,1130,5500,2,2,3,719 Lundy Wy,475000
5635,48,1,651,1480,5100,2,2,4,Peralta Rd,475000
5620,58,1,657,1400,4500,2,2,3,401 Carmel Av,475000
5817,53,1,659,1774,7250,2,2,4,303 Nelson Av,475000
5864,30,2,653,1360,9272,2,2,4,Glacier Av,475000
2282,57,1,651,1640,5000,2,2,4,1175 Fernandez Wy,475000
5908,34,2,653,1630,5049,2,2,3,Oddstad Bl,476000
5891,30,2,653,1680,5500,2,2.5,3,1079 Yosemite Dr,477500
6152,40,2,652,1110,7250,2,2,3,1127 Manzanita Dr,477500
5726,42,1,651,1150,5052,2,2,3,894 Standish Rd,478000
2788,63,1,659,1410,5270,2,2,3,208 Avalon Dr,478000
5443,40,1,651,1120,4980,2,2,3,1392 Madrid Ct,479000
5660,30,1,655,1750,6000,2,2,4,491 Copeland St,479000
2106,63,2,657,1860,5760,2,1,2,653 Canyon Dr,479000
3205,58,1,657,1570,4500,1,2,3,360 Paloma Av,480000
3413,55,1,659,1170,5555,1,1,3,488 Manor Dr,480000
5724,42,2,651,1470,10000,2,2,4,View Wy,480000
6123,41,1,651,1240,10290,2,2,3,898 Standish Rd,480000
5657,42,2,652,1400,5800,2,2,3,Alicante Dr,480000
5688,42,2,652,1120,5500,2,2,3,1160 Manzanita Dr,480000
3045,55,1,651,1460,5750,2,1.5,3,1035 Anza Dr,480000
2632,56,1,651,1560,5500,2,2,4,851 Arguello Bl,480000
2344,47,2,654,2000,5000,2,2,3,221 Hiawatha Av,480000
5732,44,1,651,1390,10500,2,2,3,1212 Crespi Dr,481500
1848,49,2,652,1260,5012,2,2,3,1339 Redwood Wy,482500
5415,50,1,651,1170,7250,2,1,2,950 Monte Verde Dr,483000
3259,59,2,659,1350,9000,1,2,3,347 Manor Dr,485000
6164,38,1,652,1120,5280,2,2,3,Address Not Disclosed,485000
5440,43,1,651,1190,10000,2,2,3,1066 View Wy,485000
5664,52,1,651,1320,9000,2,2,3,952 Alta Vista Dr,485000
2052,49,2,654,1470,3750,1,2,3,233 Reichling Av,486000
6027,36,2,652,1740,15000,2,2,3,1295 Lerida Wy,488000
2106,58,1,651,1165,5000,1,2,3,1480 De Solo Dr,488000
6199,48,1,654,1690,5100,1,2,3,206 Calaveras Av,488888
5538,38,2,651,1710,5000,2,3,5,1460 De Solo Dr,489000
2413,39,2,653,1360,5671,2,2,4,782 Prairie Creek Dr,489000
2526,49,2,652,1730,5950,2,3,3,1160 Banyan Wy,489900
2370,56,2,651,1400,5194,2,2,4,1467 Serra Dr,489900
5769,50,1,652,1110,11000,2,2,3,1223 Lerida Wy,489950
3164,46,2,652,1500,5150,2,2,3,1126 Sheila Ln,490000
6122,46,1,651,1380,13144,2,2,3,Address Not Disclosed,490000
6174,41,1,651,1110,6076,2,2,3,Valencia Wy,490000
5300,48,1,651,1378,8000,2,2,3,Linda Mar Bl,490000
5724,40,2,651,1540,6000,2,3,4,Sheila Ln,490000
5754,46,2,657,1130,10955,2,1.5,3,Moana Wy,490000
2771,63,1,659,1570,5270,2,2,3,512 Johnson Av,490000
2577,42,2,653,2190,8096,2,2.5,3,7 Picardo Ct,490000
2476,51,2,651,1300,7590,2,1.5,3,52 Oviedo Ct,490000
2155,48,2,653,1580,6000,2,3,5,1247 Aspen Dr,490000
1943,50,2,652,1500,7350,2,2,3,1115 Banyan Wy,490000
2184,56,2,654,1540,4750,2,2,3,865 Reina Del Mar Av,491000
5485,31,2,653,1410,5500,2,3,3,775 Prairie Creek Dr,491500
5503,46,1,654,1380,4500,1,2,3,770 Ursula Av,492000
5674,44,1,651,1100,6630,2,2,3,1244 Seville Dr,492000
6118,40,1,652,1120,7200,2,3,3,1189 Manzanita Dr,493500
5282,48,1,651,1360,6500,2,2,4,Galvez Dr,494000
5507,32,1,653,1576,5500,2,3,3,853 Big Bend Dr,495000
2987,55,1,651,1530,6000,2,2,3,1036 Anza Dr,495000
2630,48,1,652,1910,7130,2,2.5,4,1553 Terra Nova Bl,495000
2273,56,1,651,1400,7150,2,1,3,3 Ortega Ct,495000
2303,49,2,652,1570,7192,2,2.5,3,1164 Alicante Dr,495000
2294,58,2,651,1530,7500,2,2,4,930 Monte Verde Dr,495000
2164,47,2,652,1610,9300,2,2,4,22 Spruce Ct,495000
1748,58,1,651,1260,5200,2,1,3,1528 Linda Mar Bl,495000
5569,49,1,657,1300,9000,1,2,3,Brighton Rd,496000
5298,48,1,651,1320,7810,2,2,3,804 Alta Vista Dr,499000
5751,37,2,653,1700,8120,2,3,4,1267 Aspen Dr,499000
2377,42,2,653,1570,5000,2,2.5,3,1191 Park Pacifica Av,499000
2301,54,2,656,1280,8400,2,2,3,811 Burns Ct,499000
1979,52,2,652,1280,10300,2,2,4,1234 Alicante Dr,499000
5866,47,1,651,1640,7004,2,2.5,4,1027 Monte Verde Dr,500000
3238,52,1,657,1710,6000,2,2,3,370 Paloma Av,500000
6108,40,1,651,1480,7200,2,2,3,1179 Manzanita Dr,500000
5201,49,1,651,1390,5000,2,2,3,685 Navarre Dr,500000
5278,48,1,659,1300,5500,2,2,3,220 Shoreview Av,500000
5520,35,1,653,1100,5500,2,2.5,2,1017 Grand Teton Dr,500000
5557,48,2,655,1460,5000,2,2,4,Calera Te,500000
5639,42,1,651,1120,4635,2,2,3,Valdez Wy,500000
5691,42,1,651,1230,5500,2,2,3,867 Standish Rd,500000
5708,33,1,653,1190,5200,2,3,4,1322 Everglades Dr,500000
2668,52,1,657,1130,4922,2,2,3,465 Brighton Rd,500000
1947,39,1,653,1400,5000,2,2,3,Rainier Av,500000
2414,50,1,652,1590,9000,2,2,3,1360 Crespi Dr,500000
2132,48,2,652,1280,7534,2,2,3,1238 Lerida Wy,500000
2420,51,1,652,1110,14180,2,2,3,1035 Manzanita Dr,500000
2153,58,2,651,2270,5500,2,2.5,4,684 Linda Mar Bl,500000
2176,21,2,655,1390,3000,2,2,3,472 Copeland St,500000
2079,55,1,656,1500,5000,2,2,3,776 Arleen Wy,500000
5695,43,1,651,1160,5000,2,2,3,816 Standish Rd,500950
1989,46,2,653,1490,5832,2,3,3,1168 Park Pacifica Av,502500
2475,46,2,653,1570,5600,2,3,4,11 Pt Reyes Wy,502850
5963,37,2,653,1190,6000,2,2,3,1285 Aspen Dr,504000
6192,46,2,651,1930,5000,2,2,4,Address Not Disclosed,504000
5800,34,2,653,1660,6160,2,2.5,3,1065 Grand Teton Dr,504500
5208,54,1,659,1310,5500,1,1,3,121 Avalon,505000
5247,49,1,651,1460,5750,2,1.5,3,1035 Anza Dr,505000
5347,45,1,651,1250,10360,2,2,3,1232 Crespi Dr,505000
5373,51,1,652,1110,5500,1,2,3,1223 Lerida Wy,505000
5544,49,1,651,1230,5500,2,2,3,811 Standish Rd,505000
5730,40,2,652,1670,7250,2,2,3,1154 Banyan Wy,505000
2723,49,1,651,1160,5500,2,2,3,833 Iris Ct,505000
2686,55,1,656,2000,5600,2,2,3,360 Fairway Dr,505000
2582,57,2,651,1880,10912,2,2.5,3,1037 Monte Verde Dr,505000
2371,49,1,651,1300,7216,2,2,3,829 Iris Ct,505000
5754,53,2,657,1580,6000,1,2,3,545 Carmel Av,506000
5436,41,1,651,1420,5000,2,2,2,854 Bower Rd,506500
5205,40,2,651,1640,5500,2,2,4,808 Standish Rd,509000
5768,34,2,653,1100,5500,2,2,3,1014 Yosemite Dr,509000
2147,57,1,651,1380,6480,2,2,3,1443 Madeira Dr,509000
5786,37,2,652,1500,4000,2,2,3,Lerida Wy,509250
3294,52,1,657,1130,5350,2,2,3,467 Moana Wy,510000
5850,28,2,653,2300,5500,2,3,5,Address Not Disclosed,510000
5338,50,1,651,1420,5500,2,2,3,De Solo Dr,510000
5505,43,1,652,1110,4000,2,2,3,1032 Manzanita Dr,510000
5783,40,2,652,1510,8407,2,3,3,1131 Banyan Wy,510000
3077,53,1,651,1420,5000,2,2,4,1343 Alicante Dr,510000
2612,56,1,651,1330,5000,2,2,4,890 Linda Mar Bl,510000
2265,46,2,654,1160,4500,2,3,3,335 Genevieve Av,510000
1721,59,2,651,1540,5500,2,2,3,1056 Monte Verde Dr,510000
2028,56,1,654,1160,5000,2,2,3,216 Lauren Av,510000
1812,54,1,651,1114,7150,2,2,3,1107 Valencia Wy,510000
6118,48,1,654,1310,5500,1,2,3,215 Berendos Av,511000
5514,33,2,653,1500,5125,2,2,3,2 Kendall Ct,512000
3632,52,1,654,1140,5000,1,1,3,275 Reichling Av,515000
5990,37,2,653,1740,6270,2,3,4,Address Not Disclosed,515000
5353,43,1,652,1110,5890,2,2,3,Address Not Disclosed,515000
5667,42,1,651,1410,7200,2,2,3,1035 Zamora Dr,515000
5570,38,1,652,1380,8192,2,2,3,1025 Banyan Wy,515000
5751,39,2,652,1500,7800,2,2,3,1157 Sheila Ln,515000
3035,49,1,652,1110,5610,2,2,3,1096 View Wy,515000
2734,47,2,652,1630,5500,2,2,4,10 Malavear Ct,515000
2197,46,2,653,1390,9295,2,2.5,4,9 Big Sur Wy,515000
2679,50,1,651,1230,5000,2,2,3,832 Standish Rd,517500
2049,46,2,653,1650,8556,2,3,3,1082 Yosemite Dr,518000
5600,45,2,659,1400,6700,2,2,4,Edgemar Av,520000
5163,49,1,651,1170,5500,2,2,3,988 Rosita Rd,520000
5268,48,1,651,1350,5600,2,1,3,1219 Galvez Dr,520000
5520,45,1,651,1460,5000,2,2,3,1259 Escalero Av,520000
5716,48,1,651,1540,5049,2,2.5,3,784 Arguello Bl,520000
2836,56,1,651,1350,5500,2,2,3,1183 Escalero Av,520000
2650,47,2,654,1560,6000,2,2,3,1144 Fassler Av,520000
2456,46,2,653,1760,9415,2,2.5,4,1010 Park Pacifica Av,520000
2352,49,2,652,1490,7350,2,2,4,1123 Banyan Wy,520000
2232,50,1,654,1190,5250,1,2,3,717 Reina Del Mar Av,520000
2218,48,2,652,1580,5824,2,3,3,21 Vega Ct,520000
2071,57,2,654,1170,5000,2,2,3,242 Hillside Dr,520000
2028,63,1,659,1280,6000,1,2,3,255 Arroyo Dr,520000
5472,42,2,652,1570,10000,2,3,3,1058 Banyan Wy,521000
5745,29,1,653,1490,7250,2,2.5,4,927 Yosemite Dr,521000
5817,30,2,653,1190,8120,2,2,3,17 Carleton Pl,521000
2965,46,2,652,1580,5000,2,2,3,1166 Fassler Av,523000
3711,57,1,654,1180,11250,1,2,4,375 Keith Av,525000
6018,28,1,653,1300,5500,2,2,3,Address Not Disclosed,525000
5415,49,1,651,1430,6180,2,2,4,1203 Escalero Av,525000
5619,37,2,652,1610,6120,2,2,3,1134 Banyan Wy,525000
5678,40,2,652,1510,6300,2,2,5,1145 Banyan Wy,525000
2757,54,1,657,1120,6420,1,2,3,616 Brighton Rd,525000
2744,49,1,651,1110,5610,2,2,3,1197 Manzanita Dr,525000
2266,46,2,653,1490,5250,2,3,3,14 Tioga Wy,525000
2230,57,1,651,1380,5390,3,2,4,889 Crespi Dr,525000
2217,45,1,653,1910,7590,2,2.5,4,776 Oddstad Bl,525000
1754,49,2,652,1380,5868,2,2,3,1308 Redwood Wy,525000
2066,55,1,656,1360,7540,2,2.5,3,803 Burns Ct,525000
1923,41,2,653,1360,6000,2,2,4,733 Big Bend Dr,525000
1852,59,1,651,1240,5000,2,2,3,1343 De Solo Dr,526000
2427,42,2,653,2020,8320,2,2.5,4,854 Prairie Creek Dr,527500
2066,57,1,651,1338,5151,2,2,3,716 Crespi Dr,527500
2101,57,1,655,1490,5150,2,2,3,364 Seaforth Ct,528000
6010,46,1,651,2060,9180,2,2,4,1560 Madeira Dr,529000
6031,37,2,653,1640,5880,2,2,3,1273 Aspen Dr,529000
5676,32,2,653,1540,7198,2,3,3,857 Big Bend Dr,529000
2969,50,2,651,1430,9700,2,2,4,1025 Barcelona Dr,529000
2785,49,1,651,1660,7776,2,2,3,1420 Crespi Dr,529000
2597,39,2,653,1830,6710,2,2,3,1052 Glacier Av,529000
2013,56,2,652,1170,13260,2,2.5,3,35 Desvio Ct,529000
2125,49,1,651,1500,6000,2,2,3,1140 Fassler Av,529000
5859,31,2,653,2000,4000,2,3,3,1106 Rainier Av,530000
3165,45,2,652,1660,5002,2,2.5,5,1236 Redwood Wy,530000
3728,53,1,651,1610,5000,2,2,4,665 Navarre Dr,530000
6031,35,2,653,1610,6384,2,3,3,Park Pacifica Av,530000
6059,35,2,653,1770,6440,2,2.5,3,Address Not Disclosed,530000
5278,43,2,651,1470,7650,2,2,3,1152 Valencia Wy,530000
5423,25,2,655,1330,5500,2,2,3,767 Rockaway Beach Av,530000
5723,30,2,653,1360,6000,2,2,4,1120 Glacier Av,530000
2625,50,2,651,1170,5625,2,2,3,1531 Valdez Wy,530000
2377,42,2,653,1890,5000,2,2,4,1029 Rainier Av,530000
2295,56,1,651,1360,6912,2,2,4,1135 Galvez Dr,530000
1887,63,1,659,1100,5980,1,1,3,543 Dolphin Dr,530000
1877,64,1,659,1180,5985,2,2,3,415 Fremont Av,530000
5502,31,1,653,1620,5500,2,3,4,Prairie Creek Dr,531000
2101,48,2,652,1470,7935,2,2,3,1347 Redwood Wy,531000
1925,51,2,652,1490,12410,2,2,3,1146 Dulles Ct,531000
5279,44,2,652,1170,4000,2,2,3,28 Desvio Ct,534500
6136,37,2,651,1910,5500,2,3,4,Mason Dr,535000
4862,49,1,651,1160,7250,2,2,3,1427 Perez Dr,535000
5024,50,1,651,1690,5500,2,2,4,847 Arguello Bl,535000
5152,52,1,659,1110,7560,1,1,3,275 Arroyo Dr,535000
5219,42,1,651,1230,5500,2,2,3,Bower Rd,535000
5366,43,1,652,1190,5050,2,2,4,1096 Manzanita Dr,535000
5418,49,1,651,2050,5773,2,2,4,4 Cadiz Ct,535000
5794,38,2,653,1640,5500,2,2,3,1225 Aspen Dr,535000
2421,49,2,652,1955,6300,2,2,4,1061 Fassler Av,535000
1932,51,1,652,1750,7200,2,3,3,1187 Manzanita Dr,535000
2044,53,1,651,1260,7500,2,1,3,1519 Adobe Dr,535000
1890,45,1,653,1100,5900,2,2.5,2,1017 Grand Teton Dr,535000
2301,56,1,656,1450,5000,2,2,3,219 Greenway Dr,536000
3086,61,1,659,1410,6500,2,2,3,531 Perry Av,537000
5389,40,2,652,1110,5500,2,2,3,Redwood Wy,539000
5766,50,1,659,2040,6500,2,2,4,419 Perry Av,539000
3121,55,1,651,1190,5050,2,1,3,1080 Monte Verde Dr,539000
3014,44,2,652,1510,5999,2,2,3,1347 Lerida Wy,539000
3284,52,1,656,1130,5000,2,2,3,759 Arleen Wy,540000
6060,43,1,652,1560,9577,2,2,4,1215 Crespi Dr,540000
5213,39,2,652,1120,5500,2,3,3,1339 Redwood Wy,540000
5262,39,2,652,1280,6790,2,2,3,1256 Lerida Wy,540000
5415,34,2,653,1330,5050,2,2.5,3,Rainier Av,540000
5670,40,2,652,1717,5659,2,3,4,1115 Mason Dr,540000
5821,32,2,653,2070,8714,2,3,3,1285 Park Pacifica Av,540000
2440,57,2,651,2210,6674,2,3,5,1003 Crespi Dr,540000
2351,38,2,653,2240,6480,2,4.5,3,1130 Rainier Av,540000
2447,40,2,653,1940,7648,2,2.5,3,982 Park Pacifica Av,540000
1992,49,2,652,1510,5250,2,2,4,1235 Sheila Ln,540000
1957,57,2,654,1170,5000,2,2,3,245 Hillside Dr,540000
1321,56,1,657,1130,5350,1,1.5,3,441 Brighton Rd,540000
5894,37,2,652,1820,5251,2,2.5,4,1179 Mason Dr,541000
2022,49,2,652,1510,5000,2,2,3,1124 Fassler Av,541000
2608,54,2,651,1420,5000,2,2,4,1343 Alicante Dr,542000
1554,56,1,656,1130,5000,2,2,3,751 Lundy Wy,542000
2078,22,1,651,1650,5312,2,2,3,258 Marvilla Ci,542400
6017,34,2,653,1690,7250,2,3,3,1069 Grand Teton Dr,545000
6119,41,2,651,1600,7500,2,2.5,3,Address Not Disclosed,545000
6136,28,1,653,1300,7150,2,2,3,7 Buffalo Ct,545000
5055,55,1,657,1110,6000,1,1,3,317 Brighton Rd,545000
5332,48,2,651,1200,8100,2,2,3,266 Reichling Av,545000
5786,29,1,653,1300,7250,2,2,3,Address Not Disclosed,545000
2791,54,1,651,1300,15000,2,1,3,1535 Adobe Dr,545000
2087,62,1,659,1770,7000,1,2,3,255 Milagra Dr,545000
1257,67,1,659,1270,5270,2,1.5,4,532 Johnson Av,545000
5815,33,2,653,1700,5500,2,2,3,Address Not Disclosed,548000
5920,40,2,652,1420,7250,2,2,3,1423 Crespi Dr,549000
6175,20,1,654,1210,5500,2,2,3,221 Naomi Av,549000
5256,38,1,651,1580,6350,2,2,3,5 Malavear Ct,549000
5394,44,2,651,1490,7250,2,2,3,1065 Barcelona Dr,549000
5382,40,2,652,1980,6300,2,2,5,1061 Fassler Av,549000
3077,53,1,654,1160,5123,2,2,3,208 Modoc Pl,549000
2556,44,2,653,1580,8970,2,2.5,4,11 Big Sur Wy,549000
2092,50,2,652,1460,9600,2,2,4,1122 Banyan Wy,549000
1355,55,1,651,1100,5000,2,2,3,1112 Seville Dr,549000
5599,38,2,653,1900,7050,2,3,4,Pt Reyes Wy,549888
5590,37,2,653,1860,6820,2,3,3,17 Pt Reyes Wy,549950
2275,63,1,659,1500,6500,2,2,3,536 Perry Av,549999
5968,30,2,653,1600,5100,2,2,4,712 Big Bend Dr,550000
5170,47,1,654,1120,5200,1,2,3,853 Reina Del Mar Av,550000
5065,42,1,651,1190,5000,2,2,4,1023 Fassler Av,550000
5221,50,2,651,1600,5500,2,2,3,Address Not Disclosed,550000
5277,43,2,651,1510,7500,2,2,3,Granada Dr,550000
5254,40,2,651,1510,5000,2,2,3,1234 Sheila Ln,550000
5415,27,1,653,1300,7600,2,2,3,1156 Oddstad Bl,550000
5432,28,1,655,1820,6000,2,2,3,490 Ebken St,550000
5513,35,2,653,1730,5670,2,2,4,Everglades Dr,550000
5583,47,1,651,1680,8470,2,2,3,Avila Ct,550000
5555,32,2,653,1570,5000,2,2,4,Park Pacifica Av,550000
5620,35,2,653,2270,5000,2,3,4,1184 Park Pacifica Av,550000
5667,46,2,651,1170,12000,2,2,3,24 Duran Ct,550000
5632,38,2,652,1400,5500,2,3,4,Mason Dr,550000
3050,55,1,651,1130,5000,2,2,3,1243 De Solo Dr,550000
3028,46,2,654,1140,4900,2,3,4,281 Piedmont Av,550000
2674,55,1,654,1170,5000,2,2,3,238 Hillside Dr,550000
2680,59,2,659,1590,6500,1,2,4,15 Cragmont Ct,550000
2309,48,2,652,1700,7830,2,2.5,4,4 Celia Ct,550000
2027,48,2,652,1580,5600,2,3,3,1343 Redwood Wy,550000
2097,41,2,653,1590,5100,2,2,4,712 Big Bend Dr,550000
1974,52,1,651,1230,5100,2,2.5,3,887 Standish Rd,550000
1544,59,1,659,1410,6000,2,2,3,222 Monterey Rd,550000
6105,37,2,652,1910,5100,2,3,4,Address Not Disclosed,550900
5268,48,1,651,1540,5500,2,2.5,3,784 Arguello Bl,551000
2153,49,2,651,1110,6600,2,2,3,7 Alviso Ct,551000
2035,47,2,653,1630,6435,2,3,4,1060 Park Pacifica Av,551000
5170,43,2,651,1400,10268,2,2,3,Address Not Disclosed,551500
6061,44,2,651,2340,7250,2,2.5,4,1495 Rosita Rd,552000
2630,47,2,652,1530,5400,2,2,4,1108 Mason Dr,554000
5094,49,2,654,1170,5000,2,2,3,280 Lauren Av,555000
5275,44,1,657,1270,6000,2,2,3,200 Scenic Wy,555000
5356,39,2,652,1640,5450,2,2,4,1232 Lerida Wy,555000
5577,39,2,651,1610,5780,2,2,4,867 Silvia Ct,555000
5654,40,1,651,1800,5500,2,2,4,843 Lisa Ct,555000
2821,46,1,652,1110,5900,2,2,3,1208 Redwood Wy,555000
2596,40,2,653,1540,7564,2,2,3,1048 Glacier Av,555000
2524,54,1,657,1520,5040,2,2,3,540 Ridgeway Dr,555000
3022,48,2,652,1340,6300,2,2,4,25 Cranham Ct,557000
5969,28,2,653,2208,5000,2,2.5,3,1141 Rainier Av,558000
5191,42,1,651,1110,5610,2,2,3,1197 Manzanita Dr,558000
5447,46,2,651,1170,15330,2,3,3,Duran Ct,558000
2044,33,2,657,1650,3090,2,1.5,3,245 Carmel Av,558000
2685,53,2,655,1280,7020,2,2,3,804 Burns Ct,558400
2825,50,1,651,1100,7147,2,2,3,1080 Crespi Dr,558888
3098,60,1,659,1479,7280,2,2,4,371 Nelson Av,559000
3143,48,1,652,1500,7320,2,3,4,27 Cranham Ct,559670
5328,43,1,652,1450,11700,2,2,4,Manzanita Dr,559950
3170,58,1,659,1300,7800,1,1,3,340 Manor Dr,560000
3234,38,2,653,1450,5000,2,2,3,812 Prairie Creek Dr,560000
5998,36,3,653,1833,5000,2,2.5,3,Address Not Disclosed,560000
6118,54,2,655,1700,5500,1,2,3,Ebken St,560000
5292,30,1,653,1300,5000,2,2,3,1149 Rainier Av,560000
2651,45,2,652,1290,17300,2,2,3,30 Spruce Ct,560000
2426,36,1,653,1300,9000,2,2,3,820 Cape Breton Dr,560000
2338,56,1,651,1320,5610,2,2,3,1148 Galvez Dr,560000
2031,47,2,653,1580,6318,2,2,4,1026 Park Pacifica Av,560000
1870,50,2,651,1610,5780,2,2,4,867 Silvia Ct,560000
1426,54,1,651,1120,4635,2,2,3,1507 Valdez Wy,560000
2059,43,1,657,1360,4494,2,2,3,421 Moana Wy,561000
5555,33,2,653,1320,5500,2,2,3,1025 Rainier Av,562500
4416,75,2,657,1280,5500,1,1.5,2,356 San Pablo Te,563000
2618,50,1,651,1240,10290,2,2,3,898 Standish Rd,564000
6208,22,3,657,1720,4000,2,2.5,3,Mirador Te,565000
5113,48,1,659,1650,7250,1,2,3,7 Cragmont Ct,565000
5157,49,1,651,1560,5500,2,2,4,Address Not Disclosed,565000
5313,38,2,652,1800,10670,2,3,4,1261 Lerida Wy,565000
5418,35,2,653,1500,5149,2,2,3,1088 Everglades Dr,565000
5439,31,2,653,1410,5900,2,2,3,757 Big Bend Dr,565000
2685,48,2,651,1590,7500,2,3,4,1543 Terra Nova Bl,565000
2044,50,2,652,1580,5000,2,2,3,1531 Victoria Wy,565000
5249,38,2,653,1490,9479,2,3,3,16 Yellowstone Wy,567500
5153,43,1,651,1110,5500,2,2,3,1031 Manzanita Dr,569000
3203,55,2,651,2080,4950,2,3,5,Arguello Bl,569900
5520,36,2,653,1500,10350,2,2,3,38 Kings Canyon Wy,569950
3198,49,2,652,1530,8910,2,2,3,1078 View Wy,570000
5087,48,2,652,1170,11223,2,2,3,31 Desvio Ct,570000
5163,33,2,653,1540,7198,2,3,3,857 Big Bend Dr,570000
5353,51,1,654,1490,5500,1,2,3,388 Reina Del Mar Av,570000
5359,50,2,651,1560,6000,2,2,4,Fassler Av,570000
5412,33,2,653,1580,12320,2,3,4,33 Pt Reyes Wy,570000
2505,57,1,654,1100,5390,1,2,3,232 Modoc Pl,570000
1946,51,1,651,1491,5200,2,2,4,1513 Crespi Dr,572000
1852,50,2,652,1630,5500,2,2,3,10 Malavear Ct,572000
5969,35,2,653,1750,11420,2,3,3,1042 Yosemite Dr,572500
2678,49,1,652,1700,7500,2,2,3,4 Cranham Ct,573000
5121,49,1,657,1160,9416,2,2,3,Eastlake Av,574000
5297,34,1,653,1190,5000,2,2,3,1251 Park Pacifica Av,574000
5954,34,2,653,1760,9587,2,2.5,4,1159 Park Pacifica Av,575000
3764,40,2,653,1660,6588,2,3,3,1096 Park Pacifica Av,575000
5215,35,2,653,1490,6500,2,2,3,1145 Grand Teton Dr,575000
6140,31,2,653,2310,6000,2,2,3,Big Bend Dr,575000
6203,31,1,653,2190,21780,2,2.5,3,19 Picardo Ct,575000
5046,57,1,659,1140,6375,2,1,2,207 Avalon Dr,575000
5086,43,2,651,1430,8960,2,3,4,1120 Crespi Dr,575000
5098,39,2,652,1120,6600,2,3,4,1301 Lerida Wy,575000
5185,43,2,657,1360,4000,2,1,2,343 San Pablo Te,575000
5249,35,2,653,1500,5149,2,2,3,1088 Everglades Dr,575000
5289,38,2,653,1490,5000,2,2.5,4,6 Sequoia Wy,575000
5326,30,2,653,1240,6250,2,3,4,21 Cape Breton Ct,575000
3163,46,2,652,1500,5000,2,2,3,1232 Sheila Ln,575000
2602,42,2,653,1630,5149,2,3,4,1060 Everglades Dr,575000
2531,64,2,655,1260,5000,1,2,3,479 Ebken St,575000
2645,42,1,653,1100,5149,2,2,3,1084 Everglades Dr,575000
2373,44,1,653,1630,7930,2,2.5,3,1142 Grand Teton Dr,575000
2041,61,1,659,1300,6500,1,2,2,11 Cragmont Ct,575000
2015,57,2,656,1860,4896,2,2,4,260 Greenway Dr,575000
2098,58,1,651,1840,5500,2,3,3,1340 Hermosa Av,575000
3164,49,1,651,1190,10000,2,2,3,1066 View Wy,576000
5037,43,2,651,1120,7360,2,2,3,1436 Crespi Dr,576000
2057,39,2,653,1460,6875,2,2,3,1107 Glacier Av,577000
5786,29,2,653,2355,7250,2,3,4,1118 Rainier Av,578000
2062,47,2,653,1640,9326,2,3,3,22 Tioga Wy,578000
5955,32,2,653,2110,6300,2,2.5,5,5 Shenandoah Wy,579000
5205,41,2,652,1490,7350,2,2,4,Banyan Wy,579000
2506,57,1,651,1540,5049,2,2.5,3,784 Arguello Bl,579000
2322,47,2,652,1511,4950,2,3,3,1325 Lerida Wy,579000
2097,48,2,652,1110,6820,2,3,3,1215 Redwood Wy,579000
5731,36,2,653,1760,5500,2,2.5,4,12 Yellowstone Wy,579500
5942,32,2,653,2080,10000,2,2.5,3,1275 Park Pacifica Av,580000
3430,51,1,655,1130,6000,2,2,3,795 Lundy Wy,580000
3528,61,1,659,1190,5270,2,2,2,523 Del Mar Av,580000
6102,34,1,653,1790,5500,2,2,3,1019 Big Bend Dr,580000
6137,28,1,653,1300,5500,2,3,3,2 Buffalo Ct,580000
5249,38,2,652,1600,4000,2,2,3,Alicante Dr,580000
5586,34,2,653,2330,5500,2,3,5,Address Not Disclosed,580000
5730,35,2,653,1190,7930,2,3,3,1150 Grand Teton Dr,580000
2468,42,2,653,1580,5000,2,2,5,1209 Park Pacifica Av,580000
2447,42,1,653,1610,5194,2,3,4,1267 Park Pacifica Av,580000
2470,49,2,652,1540,9950,2,3,4,1116 Banyan Wy,580000
2366,54,2,651,2170,6600,2,3.5,4,981 Rosita Rd,580000
2392,42,2,653,2050,9678,2,2.5,4,1281 Park Pacifica Av,580000
2352,55,1,651,1430,12250,2,1.5,3,1511 Rosita Rd,580000
2209,47,2,653,1760,7276,2,2.5,4,4 Crater Lake Wy,580000
2151,59,1,651,1360,5000,2,2,3,1056 Rio Vista Dr,580000
1923,60,1,657,1450,6510,2,2,3,634 Brighton Rd,580000
1979,49,2,652,1535,6450,2,3,3,15 Malavear Ct,580000
2780,55,1,651,1320,8140,2,1,3,1624 Rosita Rd,581000
2749,62,1,659,1360,8500,1,2,3,231 Manor Dr,581000
3219,46,2,652,1520,11172,2,2,3,1170 Sheila Ln,582060
1744,58,1,651,1520,5500,2,2,4,1480 Linda Mar Bl,583000
5291,38,2,652,1940,7344,2,2.5,3,1254 Lerida Wy,583500
3112,36,1,653,1300,6000,2,2,3,6 Buffalo Ct,585000
3882,60,1,659,1140,5270,2,1,2,528 Del Mar Av,585000
4071,49,1,655,1130,5500,2,2,3,Arleen Wy,585000
5053,43,1,651,1230,7250,2,2,3,Address Not Disclosed,585000
5165,37,2,653,2310,5500,2,2,3,1151 Park Pacifica Av,585000
5229,36,2,653,1340,5500,2,2,3,1187 Park Pacifica Av,585000
3038,53,2,652,1170,8925,2,2,3,12 Duran Ct,585000
2849,56,1,659,1310,7410,2,1,3,451 Milagra Dr,585000
2499,63,1,659,2020,6944,2,3.5,4,315 Nelson Av,585000
2365,48,2,652,1510,11174,2,2,3,1514 Terra Nova Bl,585000
1964,48,1,652,1520,5411,2,2,4,9 Vega Ct,585000
1881,43,1,653,1570,5000,2,2.5,3,1205 Park Pacifica Av,585000
1460,54,2,651,1560,5382,2,3,4,1287 Alicante Dr,585000
5219,35,2,653,1100,5149,2,2,3,1068 Everglades Dr,587000
5961,46,2,654,2560,4500,2,3,3,207 Reichling Av,588000
2948,52,2,651,1380,10640,2,2,3,1211 Crespi Dr,588000
2104,57,1,654,1434,8100,1,2,3,266 Reichling Av,588000
1968,46,1,653,1660,12605,2,2,3,1038 Yosemite Dr,588000
5221,38,1,653,1700,4000,2,3,4,1267 Aspen Dr,589000
3252,41,2,653,1380,7168,2,2,3,1288 Park Pacifica Av,590000
3256,50,1,655,1100,7500,2,1,2,515 Rockaway Beach Av,590000
3409,52,2,652,1530,10200,2,3,3,Desvio Ct,590000
5290,36,2,653,1190,5500,2,2,3,1114 Grand Teton Dr,590000
5535,28,2,653,1380,20000,2,2,3,27 Humboldt Ct,590000
5780,33,2,653,2190,8097,2,2.5,3,7 Picardo Ct,590000
2749,57,1,651,1580,8000,2,2,3,1048 Rosita Rd,590000
2566,42,2,655,2420,6300,2,2.5,4,101 Bayview Rd,590000
2415,52,2,657,2080,28968,2,3,4,565 Talbot Av,590000
1594,52,1,652,1110,6000,2,2,3,1144 Dulles Ct,590000
1824,53,1,651,1400,7350,2,2,3,1052 Crespi Dr,591000
3207,53,2,652,1690,15041,2,2,3,44 Desvio Ct,591600
5283,47,1,654,1300,5500,1,2,3,296 Juanita Av,592000
2440,42,1,653,2290,5274,2,3,4,1279 Park Pacifica Av,593000
5996,32,2,653,2250,5913,2,3,4,19 Pio Pico Wy,595000
5271,38,2,653,1230,7400,2,2.5,3,Pt Reyes Wy,595000
5023,50,1,651,1470,5202,2,2,3,Noriega Wy,595000
5128,40,2,652,1120,5500,2,2,3,34 Alviso Ct,595000
2632,43,1,653,1630,7995,2,3,3,1130 Grand Teton Dr,595000
2202,48,2,655,1580,5000,2,2,3,773 Rockaway Beach Av,595000
1869,56,2,652,1645,8680,2,3,3,28 Desvio Ct,598765
5087,47,1,659,1774,7250,2,2,4,303 Nelson Av,599000
5156,32,2,653,1820,4000,2,2,4,607 Big Bend Dr,599000
2699,37,2,653,1460,6500,2,2.5,3,1109 Rainier Av,599000
5016,49,2,651,2140,8358,2,2,5,659 Ladera Wy,599888
3164,47,2,652,1580,6150,1,2,3,Banyan Wy,600000
3455,55,2,657,1620,10457,2,2,4,Brighton Rd,600000
5003,43,1,651,1420,5000,2,2,3,854 Bower Rd,600000
5124,43,1,651,1300,5500,2,2,3,841 Lisa Ct,600000
4765,50,1,651,1350,4500,2,1,3,835 Serena Dr,600000
4834,53,1,659,1170,5500,1,1,3,488 Manor Dr,600000
5142,37,2,653,1640,5500,2,3,3,23 Kings Canyon Wy,600000
5375,31,2,653,1640,5000,2,3,4,1195 Park Pacifica Av,600000
4998,44,1,651,1110,5040,2,2,3,1070 Manzanita Dr,600000
5066,39,2,653,1490,5642,2,2,3,10 Muir Wy,600000
5031,49,1,651,1420,5000,2,1,3,Montezuma Dr,600000
5100,35,2,653,1490,8757,2,2,3,1339 Aspen Dr,600000
5297,34,2,653,2020,7480,2,3,4,968 Park Pacifica Av,600000
5775,36,1,653,1780,7250,2,2.5,3,1026 Yosemite Dr,600000
2233,46,1,653,1700,5500,2,2,4,1042 Park Pacifica Av,600000
2968,50,3,651,1550,6000,2,2,4,59 Oviedo Ct,600000
2139,39,2,653,2500,6400,2,3,4,1146 Rainier Av,600000
2009,51,2,651,1120,6750,2,2,3,1460 Crespi Dr,600000
1993,51,2,652,1900,11140,2,2.5,3,3 Cranham Ct,600000
2013,39,2,657,1100,7875,2,2,3,711 Canyon Dr,600000
1722,62,1,659,1110,7200,1,1,3,168 Mckinney Av,600000
1580,54,1,654,1120,5000,2,2,3,730 Fern Av,600000
627,67,1,659,1820,6000,1,1,4,444 Monterey Rd,600000
3954,53,1,659,1170,5555,1,1,3,488 Manor Dr,601000
1512,56,1,656,1130,5000,2,2,3,719 Lundy Wy,602000
5044,50,2,651,1630,5500,2,2,4,812 Montezuma Dr,603000
5201,34,1,653,1660,5500,2,3,3,1213 Park Pacifica Av,603000
4120,70,1,657,1330,5800,1,1,3,Pacific Av,605000
5569,29,2,653,1870,5600,3,2,4,1 Cape Breton Ct,605000
5916,38,1,653,1931,5500,2,2.5,4,796 Oddstad Bl,605000
2937,46,2,653,1110,6000,2,2,3,1289 Aspen Dr,605000
2825,37,2,653,1460,5000,2,2,3,1316 Oddstad Bl,605000
2275,51,1,651,1550,10450,2,2,3,1091 Manzanita Dr,605000
2183,37,2,653,2660,5000,2,2,3,1140 Oddstad Bl,605000
2083,39,2,653,2250,6039,2,3,4,1157 Rainier Av,605000
2041,42,2,653,2260,6650,2,3,5,981 Big Bend Dr,605000
1988,52,1,651,1580,5000,2,2,3,823 Standish Rd,605000
1831,63,1,659,1740,6800,1,1.5,3,503 Miller Av,605000
1636,56,1,655,1130,5040,2,2,3,520 Ridgeway Dr,605000
4729,55,1,659,1110,6200,1,1,2,603 Miller,606000
5243,45,2,651,1660,5250,1,2,4,Address Not Disclosed,607000
2783,56,2,651,2080,5500,2,2,4,1179 Escalero Av,608000
5072,42,2,652,1783,10800,2,2,3,1108 Banyan Wy,610000
4757,45,1,651,1160,5170,2,2,3,803 Standish Rd,610000
4983,44,1,651,1100,5500,2,2,3,949 Regina,610000
5345,46,2,651,1550,13110,2,2,4,Alcala Ct,610000
5739,29,2,653,1800,7840,2,3,4,1261 Oddstad Bl,610000
3001,60,1,659,1310,4992,2,2,3,110 W Avalon Dr,610000
3016,53,1,652,1170,8100,2,2,3,20 Desvio Ct,610000
1852,45,2,653,1100,4949,2,3,4,1085 Everglades Dr,610000
1567,58,1,652,1290,8395,2,2,3,1243 Linda Mar Bl,610000
5424,37,2,653,1700,5900,2,3,4,1147 Park Pacifica Av,610125
2024,57,1,651,1778,5170,2,2,3,724 Crespi Dr,610500
3182,32,2,656,1210,6970,2,3,3,829 Burns Ct,612700
3127,44,1,653,2160,9369,2,3,4,1035 Yosemite Dr,615000
4768,54,1,659,1770,7000,1,2,3,Milagra Dr,615000
4836,49,1,656,1430,7250,2,2,3,332 Seaside Dr,615000
4939,53,1,659,1110,5500,1,1,3,144 Mckinney Av,615000
4977,39,2,652,1510,5500,2,2,3,Address Not Disclosed,615000
5173,42,1,652,1670,7250,2,3,3,1142 Dulles Ct,615000
2897,44,1,653,2100,9715,2,3,5,1136 Park Pacifica Av,615000
1880,49,1,652,1550,8250,2,3,4,3 Celia Ct,615000
1687,51,2,652,1580,7500,2,2,3,1531 Terra Nova Bl,615000
1762,59,1,651,1370,5151,2,1,3,835 Arguello Bl,617500
5002,40,2,652,1500,5253,2,2,3,1307 Poplar Av,618000
2645,55,2,651,2000,6012,2,2,4,1427 Serra Dr,618000
6038,40,2,655,1510,21780,2,2,3,Fassler Av,619000
5373,38,2,653,1760,11400,2,2.5,4,Yellowstone Wy,619000
2484,40,2,653,1670,7314,2,3,3,1031 Glacier Av,619000
2006,49,1,652,1500,12622,2,3,4,38 Alviso Ct,619000
4966,44,2,651,1120,6345,2,2,3,1193 Manzanita Dr,620000
6123,36,2,657,1780,8000,2,2.5,3,Address Not Disclosed,620000
4921,55,1,659,1240,7345,2,2,4,340 Norfolk Dr,620000
5285,42,2,651,1910,5500,2,2.5,4,883 Silvia Ct,620000
4711,56,1,659,1310,5500,2,1,3,110 W Avalon Dr,620000
4962,54,1,659,1500,5500,1,2,4,644 Edgemar Av,620000
5233,30,2,653,2100,7250,2,3,4,1228 Rainier Av,620000
5326,45,2,652,1961,13650,2,3,3,1111 Crespi Dr,620000
5704,35,1,653,2300,5000,3,3,5,1054 Oddstad Bl,620000
3063,44,2,653,1630,6136,2,3,4,9 Pt Reyes Wy,620000
3028,47,2,652,1540,5000,2,2,4,1212 Sheila Ln,620000
3044,46,2,652,1550,13050,2,2,4,1138 Sheila Ln,620000
2770,55,2,651,1840,6120,2,2,4,711 Corona Dr,620000
1805,40,1,653,1925,7772,2,2,3,1245 Oddstad Bl,620000
1582,59,1,657,1140,5820,2,2,3,572 Moana Wy,622888
5766,29,2,653,2370,6000,2,3,4,949 Lincoln Pl,624000
3723,49,1,651,1250,10360,2,2,3,1232 Crespi Dr,625000
4883,49,1,651,1570,5460,2,2,4,1635 Rosita Rd,625000
4911,35,1,657,1360,4494,2,2,3,421 Moana Wy,625000
4996,41,2,654,1600,5500,2,2.5,4,281 Piedmont Av,625000
5030,48,2,651,1170,9780,2,2,3,23 Desvio Ct,625000
5038,43,2,654,1360,5500,2,2,3,247 Reichling Av,625000
5243,34,2,653,2180,5880,2,2.5,3,6 Kendall Ct,625000
5347,30,2,653,1700,6250,2,3,4,935 Yosemite Dr,625000
5282,50,1,655,1810,6098,2,2,3,439 Rockaway Beach Av,625000
5599,32,2,653,1410,6000,2,3,5,839 Big Bend Dr,625000
5632,30,1,653,1940,6930,2,2.5,4,943 Park Pacifica Av,625000
2801,46,2,653,1330,6000,2,3,4,1251 Aspen Dr,625000
2230,33,3,654,2080,4500,2,3.5,3,339 Genevieve Av,625000
2051,88,1,655,1462,5195,2,3,3,603 Rockaway Beach Av,625000
1980,52,1,657,1440,19600,2,2.5,3,670 Talbot Av,625000
1839,55,1,651,1690,9120,2,3,3,1316 Crespi Dr,625000
1730,58,1,651,1210,5610,2,2,4,1668 Linda Mar Bl,625000
1748,52,2,652,2240,7650,2,3,5,1186 Manzanita Dr,625000
1139,63,1,659,1110,7400,1,1,3,7 Milagra Ct,625000
2057,41,2,653,1540,6300,2,3,3,627 Big Bend Dr,627000
4911,49,1,656,1250,5700,2,2,3,Address Not Disclosed,628000
2331,55,1,657,1900,7140,2,3,4,611 Brighton Rd,628000
3245,41,2,653,1490,5050,2,3,4,1012 Everglades Dr,630000
3456,60,1,659,1650,6944,2,2,3,307 Nelson Av,630000
3710,53,1,651,1250,5100,2,1,3,804 Arguello Bl,630000
6171,30,2,653,2310,5900,2,3,3,704 Big Bend Dr,630000
4793,40,2,652,1600,8060,2,3,4,1344 Redwood,630000
4855,50,1,655,1130,5500,2,2,3,727 Arleen,630000
5570,38,1,653,1780,7250,2,2.5,3,Shenandoah Wy,630000
5583,33,2,653,2300,5500,2,3,4,67 Kathleen Ct,630000
5794,28,2,653,2200,5500,2,3,5,1360 Oddstad Bl,630000
2995,34,2,655,1690,5280,2,2.5,4,115 Bayview Rd,630000
2042,43,2,653,2090,5000,2,2.5,3,1295 Park Pacifica Av,630000
1909,47,2,652,1190,5450,2,2,3,1249 Lerida Wy,630000
1677,57,1,654,1380,4500,1,2,3,770 Ursula Av,630000
1551,52,1,651,1380,5133,2,3,3,1542 Crespi Dr,630000
1236,58,2,657,1150,9754,2,1.5,3,735 Moana Wy,630000
3547,52,1,651,1460,6700,2,2,3,1320 De Solo Dr,635000
4442,57,1,659,1260,5525,2,1.5,4,407 Del Mar Av,635000
4638,50,2,654,1170,9500,2,2,3,287 Hillside Dr,635000
5156,40,2,652,1460,4000,2,2,3,1123 Sheila Ln,635000
5174,36,2,653,1630,8007,2,3,3,1014 Grand Teton Dr,635000
5233,37,2,653,1910,8345,2,3,4,1324 Aspen Dr,635000
5635,32,2,655,2420,6300,2,2.5,4,Bayview Rd,635000
3126,54,2,651,1620,5000,2,2,4,1659 Linda Mar Bl,635000
2764,37,1,653,1300,6150,2,2,3,1242 Glacier Av,635000
2727,42,2,653,1930,7200,2,2,3,1222 Park Pacifica Av,635000
2007,58,2,651,1910,5100,2,2,4,827 Linda Mar Bl,635000
1383,59,1,651,1400,7474,2,2,3,1276 Galvez Dr,635000
1134,57,1,657,1130,5350,2,2,3,436 Pacific Ave,635000
1321,36,1,657,1600,6000,2,2,3,273 Pacific Av,635028
5724,22,3,655,2400,6175,2,2.5,4,405 Buel Av,637000
3112,44,2,652,1500,12025,2,2,3,1242 Lerida Wy,637000
3049,49,1,654,1574,7500,3,2,3,297 Angelita Av,638000
3018,46,2,652,1510,5500,2,2,3,18 Alviso Ct,639000
1314,48,2,653,1100,5000,2,2.5,3,10 Big Sur Wy,639000
4862,50,1,651,1325,4792,2,2,3,1119 Balboa Wy,640000
5235,39,2,654,2000,5500,2,2,4,Hiawatha Av,640000
3079,41,1,653,1660,6092,2,2,3,1021 Everglades Dr,640000
3150,48,2,651,1890,7900,2,3,3,1427 Crespi Dr,640000
3001,40,2,653,1600,5200,2,3,3,1322 Everglades Dr,640000
2714,45,2,653,1760,8025,2,2.5,4,1011 Yosemite Dr,640000
2167,23,2,651,1870,6050,2,2.5,4,243 Marvilla Ci,640000
1838,34,2,652,2120,5246,2,2.5,3,1178 Mason Dr,640000
1617,48,2,657,1290,3800,2,2,3,479 Loma Vista Te,640000
1483,64,1,659,1110,11120,1,1,3,516 Miller Av,640000
5219,34,2,653,2370,7250,2,3,4,14 Woodrow Pl,641000
4432,45,1,651,1110,5500,2,2,3,1541 Crespi Dr,645000
5531,35,2,653,2270,11250,2,2.5,4,15 Woodrow Pl,645000
1926,48,2,652,1586,15310,2,3,4,15 Acacia Ct,645000
4029,56,1,659,1290,4500,1,2,4,232 Milagra Dr,648000
6081,36,2,657,2360,7250,2,3,5,482 San Pablo Terrace,648000
3555,60,1,659,1640,6820,2,2,3,324 Nelson Av,649000
3766,53,1,651,1240,5795,2,2,4,551    Arguello Bl,649000
5170,30,2,653,1850,7250,2,2,3,1253 Glacier Av,649000
3189,40,2,653,2070,4800,2,3,5,1233 Park Pacifica Av,650000
3654,53,2,651,1550,5760,2,2,3,1247 Galvez Dr,650000
3773,46,2,652,1510,8350,2,2,4,24     Cranham Ct,650000
4115,45,2,651,2150,6386,2,3,3,1529 Crespi Dr,650000
4540,55,1,659,1200,7250,1,1,3,247 Milagra Dr,650000
4757,50,1,651,1310,5000,2,2,4,983 Serena Dr,650000
4835,31,1,651,1470,7500,2,2,3,1565 Adobe Dr,650000
4897,50,1,651,1400,5000,2,1.5,3,1164 Fernandez Wy,650000
4975,46,1,651,1120,13095,2,2,3,1336 Capistrano Dr,650000
5221,47,1,651,1950,17182,2,2,3,1660 Higgins Wy,650000
5633,42,1,654,1890,15000,2,2,4,395 Keith Av,650000
2923,41,2,653,2370,6974,2,3,5,707 Prairie Creek Dr,650000
2741,56,1,651,1760,7575,2,2,4,1112 De Solo Dr,650000
1953,35,1,654,2000,8400,2,2,3,169 Minerva Av,650000
1882,33,2,657,1660,3000,2,2.5,3,363 Pacific Av,650000
1881,53,2,655,1750,5000,1,2,3,540 Rockaway Beach Av,650000
1845,54,1,651,1400,6960,2,2,2,1072 Valencia Wy,650000
1770,53,1,651,1400,8594,2,2,3,1048 Crespi Dr,650000
1548,59,2,651,2090,5000,2,2,3,719 Montezuma Dr,650000
1694,47,2,653,1850,6875,2,3,4,1094 Yosemite Dr,650000
1586,50,2,652,1510,10908,2,3,3,1131 Sheila Ln,650000
1498,54,2,651,1660,7018,2,2.5,3,1012 Granada Dr,650000
1208,60,1,651,1100,5000,2,1,3,1545 Flores Dr,650000
3686,36,2,653,1360,5000,2,2,4,808 Prairie Creek Dr,655000
4871,49,2,654,1700,8100,2,3,4,240 Reichling Av,655000
4862,39,2,652,1500,10954,2,2,3,1246 Lerida Wy,655000
5170,45,2,651,2880,5000,2,2.5,4,De Solo Dr,655000
5418,31,2,653,2370,7250,2,3,4,924 Lincoln Pl,655000
5429,48,2,651,2240,8640,2,3,3,836 Corona Dr,655000
5669,30,2,653,2260,6160,2,3,5,Address Not Disclosed,655000
2917,41,1,653,1570,5000,2,2,4,1229 Park Pacifica Av,655000
1936,26,2,655,2750,10000,2,2.5,4,642 Rockaway Beach Av,655000
1918,47,2,653,1490,6200,2,2,3,1039 Park Pacifica Av,655000
1699,59,1,651,1540,5500,2,2,3,1335 De Solo Dr,655000
1645,60,1,654,1320,5371,1,2,3,244 Berendos Av,658000
1369,41,1,653,1720,6250,2,3,3,25 Cape Breton Ct,659000
3163,51,2,652,2234,10290,2,3,3,1103 Crespi Dr,660000
4003,75,2,657,1368,4872,1,1.5,2,356 San Pablo Te,660000
4015,46,1,651,1640,5500,2,2,4,Dell Rd,660000
5082,37,2,653,1630,7350,2,3,5,Kings Canyon Wy,660000
4860,49,1,657,1450,4000,2,2,3,260 Charing Cross Wy,660000
4995,55,2,659,1485,8034,2,1,4,376 Nelson Av,660000
2421,56,1,651,1540,13630,2,2,3,1360 Castro Ct,660000
1677,52,2,651,1550,7353,2,3,4,1279 Alicante Dr,660000
1440,50,2,652,1650,5100,2,3,4,1323 Poplar Av,660000
1188,67,1,659,1370,5270,2,2,3,540 Edgemar Av,660000
5016,50,1,654,1300,5568,2,1,3,Berendos Av,662000
2667,43,2,653,1800,6160,2,2.5,3,1065 Grand Teton Dr,663000
4827,35,2,653,1451,5600,2,2,3,4 Picardo Ct,663300
3989,55,1,659,1110,5000,1,1,3,188 Mckinney Av,665000
4087,45,2,652,1110,6100,2,2,3,1164 Manzanita Dr,665000
5284,28,1,653,2500,4000,2,3,4,929 Lincoln Pl,665000
5037,38,2,653,1650,8556,1,3,3,1082 Yosemite Dr,665000
5065,38,2,653,1490,8327,2,3,4,1343 Aspen Dr,665000
5338,32,2,653,1410,5400,2,3,5,775 Prairie Creek Dr,665000
2940,21,1,651,1650,5130,2,2,3,231 Marvilla Ci,665000
2968,36,2,653,1964,6850,2,2,3,814 Saint Lawrence Dr,665000
2191,57,1,651,1423,15360,2,2,3,768 Cordova Ct,665000
1635,48,2,652,1240,20122,1,2,3,1239 Lerida Wy,665000
4907,35,2,653,1630,5000,2,2,3,1160 Park Pacifica Av,667000
2906,38,1,653,2370,7350,2,3,3,924 Lincoln Pl,667000
4451,55,1,659,1450,5550,2,1,3,524 Fremont Av,667500
4862,40,2,651,1110,6600,2,2,3,Alviso Ct,668000
5128,35,2,653,1840,7935,2,2,3,Park Pacifica Av,668000
4403,51,1,651,1370,5750,2,2,4,1027 Anza Dr,669000
3494,59,1,659,2000,4992,1,2,4,548 Dolphin Dr,670000
4120,46,1,652,1190,5202,2,2,3,1092 Manzanita Dr,670000
4435,56,2,659,1205,6438,1,2,2,403 Manor Dr,670000
4928,49,1,651,1290,9221,2,2,3,955 La Mirada,670000
4963,44,1,651,1230,5500,2,2,4,824 Bower Rd,670000
5534,35,2,653,2070,8865,2,3,4,973 Oddstad Bl,670000
3129,59,1,654,1620,7500,2,2,3,448 Reina Del Mar Av,670000
2975,54,1,651,1420,7920,2,2,3,716 Alta Vista Dr,670000
2721,43,1,653,2840,8060,2,3,4,1138 Grand Teton Dr,670000
2612,37,1,653,2190,7748,2,3,4,1221 Glacier Av,670000
1533,49,2,652,1110,5850,2,2.5,3,1303 Poplar Av,670000
1526,55,1,656,1280,4750,2,2,3,828 Burns Ct,670000
2631,37,2,653,2450,7104,2,3,4,989 Park Pacifica Av,672000
3143,36,2,653,2160,8142,2,3,4,1257 Oddstad Bl,675000
3540,54,1,651,1610,5000,2,2,4,665 Navarre Dr,675000
3693,43,2,652,1660,4998,2,3,4,1335 Lerida Wy,675000
4495,41,2,652,1510,7250,2,3,3,1231 Lerida Wy,675000
4764,49,1,651,1320,5000,2,1,3,1624 Rosita Rd,675000
4876,33,2,653,1360,6731,2,2,4,730 Prairie Creek Dr,675000
4915,30,3,657,1870,2850,2,3,3,441 Loma Vista,675000
4978,48,2,651,1170,10235,2,2,3,Address Not Disclosed,675000
4988,31,1,657,1170,8030,2,2,3,Canyon Dr,675000
4961,32,2,653,1410,5000,2,3,4,728 Big Bend Dr,675000
4967,48,2,657,1140,9975,2,3,3,496 Pacific Av,675000
5047,41,2,651,1608,5500,2,3,4,18 Malavear Ct,675000
5164,32,2,653,2170,9400,2,3,3,Randolf Pl,675000
5270,32,1,653,2020,5500,2,2.5,4,718 Prairie Creek Dr,675000
2995,70,1,654,1580,6926,3,2,3,231 Bonita Av,675000
2566,56,1,651,1780,12719,2,2,4,744 Cordova Ct,675000
2331,44,2,653,2380,13572,2,3,4,1050 Yosemite Dr,675000
1874,42,2,653,1330,5346,2,2.5,3,771 Prairie Creek Dr,675000
1691,47,2,653,1740,18636,2,3,3,1103 Park Pacifica Av,675000
1562,47,2,654,1660,5000,2,2.5,4,343 Reichling Av,675000
630,56,1,651,1100,5564,2,2,3,1111 Valencia Way,675500
2027,32,2,654,1925,5000,2,2.5,3,215 Nataqua Av,678000
3820,50,1,656,1130,5998,2,2,3,796 Arleen Wy,679000
1365,67,1,659,1236,5270,1,2,3,532 Edgemar Av,679000
3638,52,1,651,1480,6076,1,1,3,703 Corona Dr,680000
4766,45,1,651,1300,5500,2,2,3,Lisa Ct,680000
4879,49,1,651,1470,9000,2,2,3,796 W Cordova Ct,680000
5640,29,2,653,2400,5500,2,3,4,1258 Glacier Av,680000
2044,43,1,653,1430,7900,2,2,3,1041 Everglades Dr,680000
1730,55,1,651,1400,6936,2,2,3,1252 Seville Dr,680000
1712,46,2,653,1790,12540,2,2,3,925 Oddstad Bl,680000
1707,53,2,651,1200,7300,2,2,3,1027 Zamora Dr,680000
1705,41,2,653,1110,7192,2,2,3,1029 Grand Teton Dr,680000
1663,56,1,651,1370,6696,2,2,3,820 Crespi Dr,680000
1607,23,1,651,1560,5508,2,2,3,744 Crespi Dr,680000
1579,48,2,652,1500,10954,2,2,3,1246 Lerida Wy,680000
1580,64,1,657,1110,6000,2,2,3,498 Paloma Av,680000
1532,54,2,651,1490,7434,2,2,3,1065 Barcelona Dr,680000
1391,46,1,657,1116,4500,2,2,3,265 Moana Pl,680000
1302,42,2,653,1360,5671,2,2,4,782 Prairie Creek Dr,680000
690,52,2,652,1870,7160,2,2.5,3,1241 Lerida Way,680000
1294,63,1,659,1650,5300,2,2,4,328 Milagra Dr,681000
3814,54,2,659,1408,5000,1,2,3,435 Manor Dr,682000
3275,53,2,652,1600,5500,2,3,3,1267 Alvarado Av,685000
3431,46,2,652,1930,6307,2,2.5,4,1142 Banyan Wy,685000
3836,47,1,652,1110,5009,2,2,3,1059 View Wy,685000
3945,51,2,654,1170,5000,2,2,3,238 Hillside Dr,685000
4473,50,2,651,1400,5720,2,2,3,28 Cadiz Ct,685000
4739,51,1,651,1300,5500,2,1,3,944 Anza Dr,685000
4817,42,2,652,1630,7250,2,2,3,1135 Banyan Wy,685000
1244,59,1,651,1400,5408,2,2,3,1160 Linda Mar Bl,685000
4716,42,2,652,1500,6000,2,3,5,1507 Terra Nova Bl,685500
4988,34,1,653,1540,6000,2,3,3,807 Big Bend Dr,686000
3008,37,1,653,2200,9000,2,2.5,3,26 Judson Pl,686000
1602,45,2,652,1100,20080,2,2,3,52 Desvio Ct,687000
1345,52,2,652,1470,5380,2,3,4,1116 Mason Dr,688000
3835,36,2,653,1450,8480,2,1,3,1039 Glacier Av,688600
3283,29,2,654,2500,4000,2,3,3,214 Angelita Av,689000
3588,39,1,653,1500,5546,2,2,3,1175 Grand Teton Dr,689000
4807,50,1,651,1520,5500,2,2,4,1451 Flores Dr,689000
4925,37,1,653,1530,9480,2,2.5,3,905 Oddstad,689000
3890,45,1,651,1290,5050,2,2,3,851 Lisa Ct,690000
4101,42,2,653,1710,5618,2,2,3,1293 Aspen Dr,690000
4526,45,1,651,1210,5500,2,2,3,Seville Dr,690000
4841,43,1,651,1650,5500,2,2,3,881 Silvia Ct,690000
5353,49,2,651,2480,7250,2,3,5,Madeira Dr,690000
2618,35,1,653,2270,10200,2,2.5,3,824 Cape Breton Dr,690000
2379,63,1,654,1550,5408,2,2,3,180 Naomi Av,690000
1793,49,2,652,1921,5160,2,2,4,1150 Mason Dr,690000
1520,52,2,652,1120,7200,2,2.5,3,1189 Manzanita Dr,690000
1509,49,2,653,1580,7682,2,3,4,1218 Aspen Dr,690000
1359,58,1,651,1270,9000,2,2,2,1459 Adobe Dr,690000
1323,54,1,651,1270,5040,2,2,3,851 Dell Rd,690000
190,85,1,655,1200,4750,2,2,2,365 Rockaway Beach Ave,690000
1467,53,2,652,1540,11375,2,2,3,1121 Manzanita Dr,691000
3938,53,1,651,1300,5000,2,1,4,1184 De Solo Dr,692000
2099,27,2,654,1940,5000,1,2,2,260 Juanita Av,692000
4137,42,2,652,1190,4677,2,2,3,1235 Lerida Wy,695000
4841,33,2,653,1482,5000,2,2,3,812 Prairie Creek Dr,695000
3130,54,1,651,1430,12054,2,2,3,696 Alta Vista Dr,695000
1439,53,1,651,1375,5000,1,2,3,1030 Fassler Av,695000
4794,33,1,653,1560,6000,2,2.5,4,709 Big Bend Dr,698000
1635,60,1,651,1506,5690,2,2,4,1031 Rio Vista Dr,698000
4591,49,1,656,1130,5000,2,2,3,759 Lundy Wy,699000
2856,39,2,653,2310,5880,2,3,4,753 Big Bend Dr,699000
4732,50,2,654,1515,5500,2,3,3,251 Lauren,700000
4693,49,1,651,1520,5500,2,2,4,Linda Mar,700000
5780,45,2,651,3000,7500,2,3,5,1148 Crespi Dr,700000
3011,54,2,656,2200,5200,2,3,4,290 Seaside Dr,700000
2843,55,2,651,2020,7800,2,2,3,1384 Peralta Rd,700000
2756,38,2,653,2400,5500,2,3,3,941 Lincoln Pl,700000
2728,62,1,654,1630,6600,1,2,3,224 Angelita Av,700000
1684,51,1,651,1300,6030,2,2,3,841 Lisa Ct,700000
1594,58,1,651,1740,9900,2,2,4,1576 Madeira Dr,700000
1519,52,1,651,1182,8176,2,2,3,1412 Crespi Dr,700000
1481,49,2,652,1500,9500,2,3,4,26 Spruce Ct,700000
1376,48,2,653,1930,5350,1,2.5,4,1015 Yosemite Dr,700000
1271,46,2,653,1660,5052,2,3,3,17 Kendell Ct,700000
1209,56,1,657,1130,5350,2,2,3,457 Brighton Rd,700000
1075,52,2,652,1580,6130,2,2,3,1157 Banyan Way,700000
1035,68,1,659,1140,6375,2,1,2,207 Avalon Dr,700000
949,51,1,655,1170,4500,2,2,3,424 Ebken St,700000
1680,42,2,653,1450,5000,1,2,3,812 Prairie Creek Dr,701000
3042,54,1,655,1430,7686,2,2,3,332 Seaside Dr,702000
2433,38,1,653,2450,7104,2,3,4,989 Park Pacifica Av,702000
2531,23,2,657,2050,12360,2,2.5,3,287 Carmel Av,703000
4333,41,2,652,1120,5580,2,3,4,Address Not Disclosed,705000
1779,40,2,653,2300,5150,2,3,3,6 Pio Pico Wy,705000
1324,59,2,656,2394,5000,2,3,6,291 Seaside Dr,705000
1257,54,2,651,1170,5625,2,2,3,1532 Valdez Wy,705000
1265,59,2,657,1580,6000,1,2,3,425 Brighton Rd,705000
1216,43,2,653,2020,4900,2,2.5,4,638 Big Bend Dr,705000
1174,59,2,651,1530,8400,2,2,3,916 Corona Dr,705000
4646,45,2,652,1100,10300,2,2,4,1234 Alicante Dr,706000
1365,59,1,651,1320,8140,2,1,3,1624 Rosita Rd,706000
3640,38,2,653,1330,5346,2,2.5,3,771 Prairie Creek Dr,707000
4043,35,2,653,2300,5500,2,3,4,67 Kathleen Ct,708000
4933,40,2,652,1930,4796,2,3,3,1236 Lerida Wy,710000
4435,51,1,651,1460,5750,2,1.5,3,1035 Anza Dr,710000
5067,39,2,657,1780,8000,2,2.5,3,690 Loma Vista Te,710000
1951,40,2,653,2130,6976,2,3,4,962 Park Pacifica Av,710000
1924,43,2,653,2020,5841,2,2.5,4,646 Big Bend Dr,710000
1586,41,2,653,1360,6000,2,2,4,1120 Glacier Av,710000
1371,43,2,653,1360,5300,2,2,4,767 Prairie Creek Dr,710000
1317,79,2,657,2440,5000,2,3,3,62 Eastlake Av,710000
1265,52,2,652,1400,6750,2,2,3,1165 Banyan Wy,710000
1048,65,1,659,1110,7300,2,1,3,12 Milagra Ct,710000
930,58,1,654,1100,4500,2,2,3,324 Keith Ave,710000
4262,46,1,651,1230,5500,2,2,3,807 Standish Rd,711000
5088,30,2,657,1750,5500,2,3,3,701 Canyon Dr,712000
4569,43,2,652,1580,5500,1,2,3,1157 Banyan Wy,713000
3120,31,2,655,2060,8000,2,2,3,413 Buel Av,713000
4432,51,1,657,1140,7854,2,2,3,601 Brighton Rd,713500
4065,54,2,654,1500,6000,1,2,1,Juanita Av,714000
1202,54,1,651,1540,5000,2,2,3,855 Standish Rd,714888
3931,45,2,651,1300,7590,2,1.5,3,52 Oviedo Ct,715000
4197,56,1,651,1110,7700,2,2,3,1032 Crespi Dr,715000
4162,62,1,657,1400,4500,2,2,3,401 Carmel Av,715000
4270,45,2,652,1510,7250,2,3,3,1519 Terra Nova Bl,715000
4400,37,2,653,1630,5149,2,2,3,1060 Everglades Dr,715000
4695,45,2,651,1170,5625,2,2,3,1527 Valdez Wy,715000
4848,35,1,653,1760,6240,2,2.5,3,63 Kathleen Ct,715000
2550,45,1,653,1994,7350,2,3,5,34 Kings Canyon Wy,715000
2294,39,2,653,2020,7150,2,2.5,4,1102 Rainier Av,715000
1715,44,2,653,1330,7020,2,2.5,3,1005 Rainier Av,715000
1314,63,1,654,1400,7500,1,2,3,171 Angelita Av,715000
4309,51,1,651,1640,5000,2,1.5,3,1667 Linda Mar Bl,716000
3868,47,1,651,1190,11700,2,2,4,1067 Manzanita Dr,716500
4669,57,1,659,1680,5500,2,1,3,Nelson Av,717000
1019,64,1,659,1110,7560,1,1,3,275 Arroyo Dr,717000
4220,35,2,653,1360,5500,2,2,4,747 Prairie Creek Dr,718000
4722,49,2,657,1150,6095,2,2,3,778 Moana Wy,718000
4809,64,1,657,1580,5700,1,3,3,320 Carmel,718000
2968,42,2,653,1490,7040,2,2,3,1073 Grand Teton Dr,718000
830,54,1,651,1190,6000,2,2,4,1044 Fassler Ave,719000
4001,52,1,651,1370,4950,2,2,3,1127 Fernandez Wy,719500
3819,53,1,651,1100,7500,2,1,3,921 Rio Vista Dr,720000
3728,52,1,657,1140,4966,2,2,4,557 Moana Wy,720000
4121,45,1,652,1750,4000,2,3,3,1187 Manzanita Dr,720000
4318,32,1,653,1400,5000,2,2,3,1207 Rainier Av,720000
4632,54,1,651,1460,5750,2,2,4,Anza Dr,720000
4694,53,1,657,1570,5500,1,2,3,360 Paloma Av,720000
4995,41,2,652,1490,9240,2,2,3,1119 Sheila Ln,720000
2780,51,1,657,2870,15007,2,3,3,440 Fullerton St,720000
2434,55,2,652,1860,6612,2,2.5,4,1263 Alvarado Av,720000
1617,44,2,653,2370,5000,2,3,4,1021 Rainier Av,720000
1572,40,2,653,1540,5500,2,3,3,11 Buffalo Ct,720000
1553,58,2,651,1540,5000,2,2,4,1147 Palou Dr,720000
1432,66,1,654,1490,5200,1,2,3,766 Reina Del Mar Av,720000
1400,60,1,651,1630,5200,2,2,3,960 La Mirada Wy,720000
1253,61,1,654,1280,5000,1,2,3,156 Calaveras Av,720000
1138,59,1,651,1450,5800,2,1,3,23 Ortega Ct,720000
2847,50,1,657,1440,19600,2,2.5,3,670 Talbot Av,721000
3798,46,1,651,1230,5000,2,2,3,824 Bower Rd,724000
3580,55,1,651,1270,7500,2,2,3,960 Monte Verde Dr,725000
3924,53,1,651,1460,5000,2,2,3,1140 De Solo Dr,725000
4143,50,1,654,1120,6250,2,2,3,878 Reina Del Mar Av,725000
4143,42,1,653,1670,8500,2,3,5,1278 Aspen Dr,725000
4688,44,1,659,1370,7260,1,1,3,164 Mckinney,725000
4863,31,2,651,1500,6000,2,2,3,1140 Fassler,725000
4820,40,2,653,2160,9369,2,3,4,1035 Yosemite Dr,725000
4883,48,1,651,1554,5000,2,2,3,Bower Rd,725000
1978,47,2,653,2080,12960,2,3,4,25 Pt Reyes Wy,725000
1922,43,2,653,2070,7900,2,2.5,4,1045 Everglades Dr,725000
1848,44,2,653,1990,6600,2,3,4,39 Kathleen Ct,725000
1649,52,2,652,1600,9912,2,3,3,1120 Manzanita Dr,725000
1629,28,2,651,1567,4500,2,2.5,3,863 Vista Montara Ci,725000
1404,49,2,653,1640,7380,2,3,4,22 Kings Canyon Wy,725000
1288,55,1,651,1100,5000,2,2,3,1112 Seville Dr,725000
1222,60,1,651,1250,5100,2,1,3,804 Arguello Bl,725000
361,63,1,651,1620,6234,2,2,3,1212 Escalero Ave,725000
4452,42,2,652,1500,5150,2,2,3,1126 Sheila Ln,726000
1032,27,1,654,1170,2500,1,1.5,2,212 Naomi Ave,726000
1385,59,1,651,1400,6565,2,2,4,1268 Galvez Dr,727000
3813,48,1,654,1160,6400,1,2,3,112 Amapola Av,727650
3882,47,2,651,1520,8500,2,3,3,1048 Granada Dr,728000
1666,59,1,651,1345,5700,2,2,4,989 Serena Dr,728000
3947,42,2,652,1540,11375,2,2,3,1121 Manzanita Dr,729000
2832,50,2,655,1560,5800,2,2.5,3,844 Rockaway Beach Av,729000
4116,46,2,651,1140,7500,2,2,3,1028 Zamora Dr,730000
4253,48,1,651,1110,6750,2,2,3,1023 Crespi Dr,730000
4254,52,1,651,1420,7830,2,2,3,832 Crespi Dr,730000
4338,40,2,651,1170,5625,2,2,3,1531 Valdez Wy,730000
4505,48,1,656,1130,5000,2,2,3,768 Cindy Wy,730000
4569,50,1,651,1210,5610,2,2,4,1668 Linda Mar Bl,730000
4757,50,2,651,1710,5000,2,3,5,1460 De Solo Dr,730000
2841,45,2,653,1760,5350,2,2.5,4,11 Muir Wy,730000
1707,58,2,654,1670,6840,2,3,3,274 Hillside Dr,730000
1385,39,1,653,1300,5775,2,2,3,724 Cape Breton Dr,730000
1376,49,2,653,1580,6318,2,2,4,1026 Park Pacifica Av,730000
1251,66,2,659,1890,6500,2,2,4,540 Perry Av,730000
1082,61,1,651,1280,5100,2,2,3,1004 Rosita Rd,730000
949,35,2,655,1390,2548,2,2,2,420 Buel Ave,730000
826,61,1,651,1400,5500,2,2,4,1151 Rosita Rd,730000
3063,39,2,653,2260,5684,2,3,4,802 Big Bend Dr,730125
1596,46,2,653,1870,5985,2,2.5,4,1018 Big Bend Dr,731000
826,66,1,659,1110,6000,1,1,3,236 Arroyo Dr,731000
1573,44,2,653,2310,5665,2,3,4,1049 Rainier Av,733613
1320,62,1,657,1370,7750,2,3,4,652 Brighton Rd,734888
4534,40,2,652,1310,8431,2,2.5,3,1248 Lerida Wy,734950
3752,35,2,653,1840,6572,2,2.5,3,1106   Grand Teton Dr,735000
3869,40,1,655,1540,6500,2,2,3,760 Arleen Wy,735000
4498,54,1,651,1370,5200,2,2,3,984 Serena Dr,735000
4597,49,2,652,1170,13260,2,2,3,35 Desvio Ct,735000
2723,21,2,651,2250,5369,2,2.5,4,241 Marvilla Ci,735000
2314,77,2,657,2210,6420,2,2,3,45 Eastlake Av,735000
1673,42,2,653,1560,6000,2,2.5,4,709 Big Bend Dr,735000
1173,42,2,653,1660,12350,2,2,4,36 Cape Breton Ct,735000
1026,64,1,659,1295,7020,1,2,2,22 Cragmont Ct,735000
445,78,1,657,1260,5262,2,1.5,2,503 Moana Way,735000
119,29,1,654,1340,5000,2,2,2,211 Naomi Ave,735000
4984,31,2,653,1810,5500,2,3,3,1344 Oddstad Bl,736000
4184,52,2,659,1780,5500,1,2,5,672 Claridge Dr,737500
1715,46,1,653,1800,8250,2,2.5,3,828 Oddstad Bl,737500
3954,37,2,653,1100,5600,2,2,3,4 Picardo Ct,738500
3946,45,2,652,1510,5610,2,2,4,1020 Banyan Wy,739000
4505,45,1,651,1600,5000,2,2,3,823 Standish Rd,739000
4631,51,1,651,1530,6000,2,2,3,1036 Anza Dr,739000
1447,20,1,651,1720,5314,2,2,3,32 Driftwood Ci,739500
3877,41,2,653,1100,4848,2,2,3,18 Big Sur Wy,740000
4354,51,1,651,1540,5500,2,2,3,520 Arguello Bl,740000
4337,32,2,653,1900,5500,2,2,4,1112 Glacier Av,740000
5312,69,2,655,1810,7995,2,2,3,828 Rockaway Beach Av,740000
5359,26,1,654,2000,8400,2,2,3,169 Minerva Av,740000
2741,51,2,652,2060,7134,2,3,4,1104 Barcelona Dr,740000
1708,58,1,656,1370,6700,2,3,3,339 Greenway Dr,740000
1433,44,2,653,2190,6344,2,2.5,3,823 Big Bend Dr,740000
1327,43,2,653,1594,5900,2,2,3,757 Big Bend Dr,740000
1257,64,1,659,1580,6324,1,2,2,515 Miller Av,740000
768,63,1,654,1350,5876,1,2,4,155 Berendos Ave,740000
4963,43,2,651,1520,5400,2,2,3,1459 Crespi Dr,742500
4582,50,1,656,1458,5000,2,2,3,283 Seaside Dr,743000
4624,33,2,653,1360,6000,2,2,4,1124 Glacier Av,743000
3816,38,2,653,1770,7250,2,3,3,39 Kathleen Ct,745000
4346,43,2,652,1500,7350,2,2,3,1115 Banyan Wy,745000
1677,45,2,653,1490,5050,2,2.5,3,1012 Everglades Dr,745000
1104,59,1,651,1160,7812,2,2,3,1427 Perez Dr,745000
1026,54,2,651,1110,6100,1,2,3,1164 Manzanita,745000
971,66,1,659,1115,4992,1,1,3,543 Esplanade Ave,745000
1257,50,2,652,1910,5185,2,3,4,1174 Mason Dr,745770
3623,45,2,652,1370,6988,2,3,4,1112 Mason Dr,748000
3897,43,2,652,1580,6380,2,2,3,1024 Banyan Wy,749000
2455,21,2,651,2180,5166,2,2.5,4,240 Marvilla Ci,749000
1292,58,1,654,2050,4500,2,2,4,315 Genevieve Av,749000
3967,46,1,651,1550,5500,2,3,4,1039 Valencia Wy,750000
4155,33,1,653,1300,5626,2,2,3,856 Cape Breton Dr,750000
4527,41,2,653,1580,6000,2,3,4,1247 Aspen Dr,750000
4613,51,1,651,1660,5500,2,2,4,1159 Escalero,750000
4877,37,2,653,2200,5000,1,2,4,1179 Park Pacifica,750000
4939,40,1,654,1120,7200,1,2,3,896 Reina Del Mar,750000
3106,51,1,651,1526,8056,2,2,3,1403 Crespi Dr,750000
1943,52,2,651,2240,10550,2,3,6,1063 Manzanita Dr,750000
1734,40,2,653,2000,6700,2,3,3,1115 Glacier Av,750000
1672,48,2,651,1760,7038,2,2,3,1637 Higgins Wy,750000
1649,58,2,654,1170,8100,2,3,3,240 Reichling Av,750000
1667,58,1,656,1410,5300,2,2,3,296 Seaside Dr,750000
1596,49,1,652,1385,6249,2,1.5,3,1041 Banyan Wy,750000
1407,58,2,657,1740,6095,2,2,4,778 Moana Wy,750000
1349,60,1,651,1350,5928,2,2,3,1072 Escalero Av,750000
1278,60,1,651,1370,4950,2,2,3,1127 Fernandez Wy,750000
1187,48,2,653,1630,10972,2,3,4,1124 Park Pacifica Av,750000
935,80,1,657,1100,5200,1,1,3,263 Pacific Ave,750000
711,66,1,659,2530,6500,2,4,5,548 Vista Mar Ave,750000
774,61,2,659,1780,5000,1,2,4,672 Claridge Drive,750000
785,61,1,651,1160,5000,2,1,3,976 Rosita Rd,750000
4532,48,1,655,1500,5000,2,2,3,760 Cindy Wy,751000
1321,51,1,652,1240,8580,2,2,3,1161 Sheila Ln,751000
1259,43,1,653,1300,4950,2,2,3,9 Elk Ct,751000
4156,33,2,652,1580,5500,2,2,3,1166 Fassler Av,751900
1278,50,2,652,1530,5408,2,2,3,1315 Poplar Av,752000
1173,58,1,657,1900,7140,2,3,4,611 Brighton Rd,753000
3168,40,2,653,2600,6275,2,3,5,1234 Park Pacifica Av,753750
4029,37,2,653,1600,5200,2,3,3,1322 Everglades Dr,755000
4120,41,1,653,1230,7400,2,2.5,3,1 Pt Reyes Wy,755000
4206,52,1,651,1520,5000,2,2,4,1451 Flores Dr,755000
2783,30,2,651,2170,19204,2,2.5,3,44 Oviedo Ct,755000
1799,67,2,657,2196,4680,1,2.5,4,374 Carmel Av,755000
1141,52,2,657,1260,6400,2,2,3,639 Moana Way,755000
879,42,1,653,1660,7239,2,2,3,1111 Glacier Ave,755000
1797,54,2,657,1620,25000,2,2,3,534 Talbot Av,758888
4557,43,2,652,1750,6500,2,2,3,1105 Banyan Wy,760000
2514,65,2,654,2480,8075,3,3,4,109 Berendos Av,760000
1250,24,1,651,1560,4900,2,2,3,201 Marvilla Pl,760000
1183,61,1,651,1950,20352,2,2,5,1063 Rio Vista Dr,760000
953,43,2,653,1360,6300,2,2,4,33 Cape Breton Ct,760000
4621,51,2,651,2080,5500,2,3,4,807 Arguello,761000
3730,34,2,653,1855,8195,2,2,4,1225 Glacier Av,762000
1965,64,2,657,1810,3000,2,2,3,343 Carmel Av,762000
1096,61,1,651,1520,5252,1,2,4,1575 Flores Dr,762500
4253,55,1,651,1610,5300,2,2,4,1315 Solano Dr,765000
4856,40,2,652,1510,5115,2,2,3,1321 Lerida,765000
2224,48,2,654,2000,5000,2,3,4,221 Hiawatha Av,765000
1162,54,1,651,1240,10290,2,2,3,898 Standish Rd,765000
414,62,1,651,1200,5001,2,1,3,1503 Adobe Dr,765000
3857,54,1,651,1600,6254,2,2,4,1020 S Rosita Ct,767500
4512,50,1,654,1540,4750,2,2,3,865 Reina Del Mar Av,768000
1320,46,2,653,1740,5149,2,2,3,1052 Everglades Dr,768000
4499,45,2,651,1650,5500,2,2,3,895 Standish Rd,769000
1327,50,2,657,1650,5580,2,2.5,4,525 Loma Vista Te,769000
3556,38,2,653,1540,7198,2,3,3,857 Big Bend Dr,770000
4247,44,1,652,1580,5500,2,2,3,1164 Banyan Wy,770000
4508,32,2,653,1360,8142,2,2,3,1257 Oddstad Bl,770000
4578,34,2,653,1806,6200,2,2,3,631 Big Bend Dr,770000
2119,44,2,654,2100,6900,2,2,3,147 Dardenelle Av,770000
1938,33,3,654,2650,4500,3,4,4,345 Genevieve Av,770000
1418,65,1,659,1400,4992,2,2,4,548 Dolphin Dr,770000
1099,53,2,652,1540,9480,2,2,3,1269 Alicante Dr,770000
664,62,1,651,1480,5502,1,1.5,3,695 Linda Mar Blvd,770000
4676,30,1,653,1300,7250,2,2,3,1156 Oddstad Bl,771000
4872,31,2,653,2200,5850,2,3,3,1226 Glacier,771000
3546,22,2,657,2480,6000,2,3,4,410 Moana Wy,775000
3801,45,2,652,1390,6100,2,3,4,1173 Alicante Dr,775000
4201,46,2,652,1600,15636,2,2,3,1219 Alicante Dr,775000
4288,37,1,654,1670,5000,2,2,3,209 Naomi Av,775000
4422,32,2,653,1900,5073,2,3,4,855 Cape Breton Dr,775000
4597,50,2,651,1740,5194,2,2,5,1467 Serra Dr,775000
4961,51,1,651,1600,9108,3,2,4,981 Rio Vista Dr,775000
2322,42,2,653,2020,16993,2,2.5,4,630 Big Bend Dr,775000
1285,45,1,653,1530,5350,2,3,3,8 Picardo Ct,775000
1190,52,1,652,1560,6300,2,3.5,4,1153 Banyan Wy,775000
778,46,2,653,1490,7680,2,2,3,23 Picardo Ct,775000
1320,60,2,651,1640,5500,2,2,4,952 Anza Dr,776000
1259,59,1,651,1190,8848,2,1,3,1203 Galvez Dr,776000
1056,55,1,657,1170,7000,2,2,3,372 Moana Pl,777000
4340,55,2,651,2240,5500,2,2.5,4,1119 Fernandez Wy,778000
4682,47,1,651,1150,7500,2,2,3,1545 Adobe Dr,779500
3903,57,2,657,2250,6000,1,3,5,48 Eastlake Av,780000
3955,42,2,652,1190,5450,2,2,3,1249 Lerida Wy,780000
4187,32,2,657,1840,5600,2,2.5,3,495 Loma Vista Te,780000
4322,36,2,653,2330,7200,2,3,5,1325 Everglades Dr,780000
4499,48,1,656,1130,5000,2,2,3,759 Arleen Wy,780000
4633,50,2,655,1690,6200,2,2,3,Address Not Disclosed,780000
4631,43,2,652,1520,5721,2,2,4,1155 Banyan,780000
4702,48,1,651,1350,9000,2,2,3,1235 Crespi Dr,780000
1156,48,1,653,1800,8470,2,2.5,3,780 Oddstad Bl,780000
833,54,2,652,1110,6290,2,2,3,1128 Manzanita Dr,780000
153,64,1,657,1450,6345,2,1.5,4,322 Pacific Ave,780000
3843,47,1,657,1440,19600,2,2.5,3,670 Talbot Av,781000
3045,37,2,653,2020,8000,2,2.5,4,932 Park Pacifica Av,782000
3183,43,2,653,1994,7350,2,3,5,34 Kings Canyon Wy,782500
4550,50,1,656,1530,6150,2,2,3,383 Greenway Dr,785000
4606,32,2,653,1650,6250,2,3,4,935 Yosemite Dr,785000
1593,33,2,657,2530,6000,2,2.5,4,412 Griffin Av,785000
1250,24,1,651,1650,5312,2,2,3,258 Marvilla Ci,785000
1195,52,2,652,1490,7350,2,2,4,1123 Banyan Wy,785000
865,54,2,652,1120,6750,2,2,3,1456 Crespi Dr,785000
4834,34,1,653,1940,9660,2,2.5,3,925 Lincoln Pl,788000
1167,45,2,653,2050,7650,2,3,4,1164 Grand Teton Dr,788000
3644,39,2,653,1770,6600,2,3,3,39 Kathleen Ct,789000
4792,37,1,653,1910,7590,2,2.5,4,776 Oddstad Bl,790000
4932,37,2,653,1490,7040,2,2,3,Grand Teton Dr,790000
1733,43,2,653,2100,5000,2,2,3,842 Big Bend Dr,790000
1303,44,2,653,2310,6000,2,3,4,819 Big Bend Dr,790000
1163,53,1,651,1110,5400,2,2,3,1463 Crespi Dr,790000
1100,65,1,659,1400,5400,1,2,3,103 Mckinney Ave,790000
425,55,2,652,1510,8350,2,2,3,24 Cranham Ct,790000
1203,45,2,653,1920,6290,2,3,4,79 Kathleen Ct,792000
3036,23,2,657,2480,6000,2,3,4,400 Moana Wy,794000
4351,34,2,653,1450,5000,2,2,3,812 Prairie Creek Dr,795000
5081,25,2,657,2310,9411,2,2.5,3,403 Goodman Rd,795000
2976,36,2,653,1830,6750,2,3,4,811 Cape Breton Dr,795000
970,53,2,652,1500,6000,2,2,3,1526 Victoria Way,795000
944,58,1,656,1130,5000,2,2,3,719 Lundy Way,795000
595,54,2,652,1190,6300,2,2,3,1170 Alicante Dr,795000
4285,35,2,653,1620,5500,2,3,4,746 Prairie Creek Dr,798000
4045,40,2,653,1760,5500,2,2.5,4,10 Kings Canyon Wy,799000
4883,35,2,653,1820,6600,2,2.5,3,19 Kathleen Ct,799000
4087,50,1,651,1660,7770,2,2,3,1540 Rosita Rd,800000
4199,41,2,653,1490,5500,2,2,3,1014 Yosemite Dr,800000
4514,20,2,651,1567,5500,2,2.5,3,837 Vista Montara Ci,800000
4582,41,2,654,1550,5500,2,3,3,269 Piedmont Av,800000
4779,37,2,653,1950,5049,2,3,4,1010 Oddstad,800000
4779,38,2,653,1490,6063,2,2.5,3,1067 Park Pacifica #116,800000
2839,32,1,653,2270,20300,2,2.5,3,7 Humboldt Ct,800000
2679,39,1,653,2260,16900,2,3,4,937 Lincoln Pl,800000
1881,41,2,653,2330,5643,2,3,4,818 Big Bend Dr,800000
1168,54,2,651,1520,10028,2,2,3,1253 Alicante Dr,800000
1063,61,2,659,2200,6050,2,2.5,5,511 Manor Dr,800000
1026,60,1,656,1410,5400,2,2,3,Address Not Disclosed,800000
967,25,2,655,1663,3000,2,2,3,480 Copeland St,800000
719,67,1,659,1420,6630,2,1.5,3,511 Perry Ave,800000
1705,40,2,653,2080,5000,2,3,4,1243 Rainier Av,800417
991,55,1,651,1280,9576,2,2,3,1004 Zamora Dr,801000
3869,52,3,656,2250,5000,2,3,3,275 Seaside Dr,802000
4697,34,2,653,1620,7314,2,3,4,1031 Glacier Av,802888
1601,56,1,651,2170,6600,1,3.5,4,981 Rosita Rd,803000
4565,50,1,651,1740,15987,2,2.5,4,11 Ventura Ct,805000
4708,52,2,655,1800,5750,2,2,4,766 Rockaway Beach,805000
1726,55,2,652,1775,6060,2,3,4,1215 Lerida Wy,805000
1546,48,2,653,1760,9360,2,2.5,4,3 Muir Wy,805000
1138,64,2,659,1540,5104,1,3,4,627 Edgemar Ave,805000
749,51,2,652,1640,5450,2,2,4,1232 Lerida Way,805000
949,60,1,651,1210,5610,2,2,4,1668 Linda Mar Blvd,807000
1264,43,1,653,1620,6000,2,2,3,738 Prairie Creek Dr,807380
3882,58,1,654,1510,5408,2,2,3,180 Naomi Av,807500
426,58,2,651,1400,8381,2,2,3,1151 Crespi Dr,808000
3973,37,1,657,1387,4324,2,2,3,696 Carmel Av,808888
3744,44,2,651,1560,6000,2,2,3,1144   Fassler Av,810000
4072,50,1,651,1610,15000,2,2,3,1584 Adobe Dr,810000
4688,34,2,653,1360,10140,2,2,4,1051 Glacier,810000
907,55,1,652,1190,5202,2,2,3,1092 Manzanita Dr,810000
553,61,1,651,1140,5001,2,1,3,1312 Linda Mar Blvd,810000
396,52,1,652,1540,5824,2,2.5,4,1311 Poplar Ave,810000
155,68,1,659,1590,4992,1,2,3,544 Dolphin Dr,811000
4535,35,2,653,1980,5500,2,2.5,4,828 Big Bend Dr,811500
4964,48,1,659,1920,7125,2,2,4,196 Shoreview Av,812000
1610,29,2,655,2050,7400,2,3,4,714 Rockaway Beach Av,812000
893,25,2,657,1160,3180,2,2,3,437 Goodman Rd,812000
798,58,1,656,1280,5046,2,2,3,836 Burns Ct,812000
515,56,1,652,1190,9300,2,2,4,1133 Manzanita Dr,812000
1510,38,2,653,2400,6000,2,3,3,1112 Oddstad Bl,812345
1378,57,2,652,1790,10640,2,3,3,1196 Crespi Dr,813000
1327,67,1,659,1580,5270,2,2,3,511 Edgemar Av,813400
4331,37,2,653,2070,6430,2,2.5,3,11 Kathleen Ct,815000
4657,40,2,652,1110,6820,2,3,3,Redwood,815000
4739,35,2,653,1800,7830,2,2.5,3,1172 Grand Teton Dr,815000
778,60,1,654,1170,8395,2,2,3,275 Lauren Ave,815000
4064,35,1,653,1670,7314,2,3,3,1031 Glacier Av,817000
4541,36,2,653,1190,4792,2,2,3,1251 Park Pacifica Av,818000
3815,50,1,651,1650,8400,2,2,4,704 Alta Vista Dr,820000
4190,37,2,653,2365,6156,2,2.5,3,1275 Park Pacifica Av,820000
4218,37,2,653,1580,12320,2,3,3,33 Pt Reyes Wy,820000
4596,25,2,657,2100,6000,2,3,4,540 Loma Vista Dr,820000
4883,35,2,653,2200,8317,2,2.5,4,816 Oddstad Bl,820000
1279,56,1,651,1370,9000,2,2,3,1303 Crespi Dr,820000
726,54,2,652,1500,6000,2,2,3,1526 Victoria Way,820000
3441,42,2,653,2306,5488,2,3,5,1030 Yosemite Dr,825000
4050,36,2,653,1410,6000,2,3,5,839 Big Bend Dr,825000
4123,43,2,653,2300,12000,2,3,4,1099 Park Pacifica Av,825000
2930,38,2,653,2155,6960,2,3,5,13 Carleton Pl,825000
1009,61,1,651,1240,8250,2,2,3,1452 Adobe Dr,825000
915,61,1,651,1920,6180,2,2,4,983 La Mirada Way,825000
902,50,2,652,1500,12025,2,2,3,1242 Lerida Way,825000
516,56,1,652,1190,5040,2,2,4,1073 View Way,825000
357,54,2,652,1580,7501,2,3,3,1537 Terra Nova Blvd,825000
204,61,1,657,1100,5000,2,2,3,300 Moana Pl,825000
984,58,1,656,1500,5000,2,2,3,728 Cindy Way,828000
1903,47,2,657,2155,4320,2,3,3,631 Canyon Dr,829000
3757,35,1,653,2300,6665,2,3,5,1132   Glacier Av,830000
4645,32,2,653,1900,7000,2,3,3,801 Saint Lawrence Dr,830000
1293,53,1,651,1510,6816,2,2,3,1468 Crespi Dr,830000
1001,55,1,652,1450,10000,2,2,3,1072 View Way,830000
945,55,2,652,1550,8200,2,2,4,1235 Alicante Dr,830000
804,50,2,652,1784,8528,2,3,4,1259 A Lerida Way,830000
778,44,2,653,1900,5600,2,3,3,804 Prairie Creek Dr,830000
412,51,2,657,1530,2850,2,2,3,426 Carmel Ave,830000
453,58,1,652,1580,6868,2,3,4,1211 Lerida Way,830000
358,57,1,651,1230,5000,2,2,3,867 Standish Rd,830000
1314,39,2,653,2660,5000,2,3,3,1140 Oddstad Bl,831000
1141,47,2,653,1760,6572,2,2.5,4,1 Shenandoah Way,831000
4214,41,2,653,1590,5500,2,2,3,1042 Park Pacifica Av,832000
3948,33,2,653,1880,5472,2,2.5,3,1250 Oddstad Bl,833000
1665,48,2,653,2640,5885,2,3,5,10 Tioga Wy,833000
1405,50,2,651,1840,27660,2,2.5,3,1168 Barcelona Dr,833000
3861,37,2,653,1360,5850,2,3,3,1247 Rainier Av,835000
4170,41,2,652,1290,17300,2,2,3,30 Spruce Ct,835000
4269,37,2,653,1760,6400,2,2,4,1198 Grand Teton Dr,835000
1607,51,1,654,2050,4590,2,2,3,200 Bonita Av,835000
908,56,1,651,1230,5100,2,2,3,811 Standish Rd,835000
3539,35,1,653,1840,6840,2,3,4,1266 Glacier Av,837500
3869,49,2,655,2050,5540,2,3,5,228 Seaside Dr,840000
4009,43,2,652,1910,5100,2,3,4,1170 Mason Dr,840000
4261,33,2,653,1670,7672,2,3,3,1121 Rainier Av,840000
4698,38,2,653,1940,9240,2,3,4,913 Oddstad,840000
4928,34,2,653,2260,5500,2,2.5,4,614 Big Bend Dr,840000
4953,54,2,654,1870,10175,2,3,3,340 Piedmont Av,840000
284,55,1,652,1600,9516,2,2,3,1132 Banyan Way,840000
1952,62,2,657,2480,7521,2,3,4,400 Griffin Av,841250
781,51,2,652,1660,16234,2,2,3,16 Acacia Ct,843000
3939,46,2,651,2150,6360,2,3,3,1529 Crespi Dr,845000
4656,37,2,653,1490,5500,2,3,5,1012 Everglades Dr,845000
4424,32,2,653,2126,6600,2,3,4,1125 Rainier Av,845000
470,47,1,653,1950,5449,2,2,4,1130 Everglades Dr,845000
440,62,1,651,1560,5001,2,2,5,1540 Flores Dr,845000
1201,43,2,653,2310,5880,2,3,4,753 Big Bend Dr,847500
4232,37,1,653,1810,5000,2,2.5,3,1205 Park Pacifica Av,848000
1414,39,2,654,2080,4500,2,2.5,3,351 Genevieve Av,848000
944,60,1,651,1320,5610,2,2,3,1148 Galvez Dr,848000
3892,43,2,652,1580,5580,2,3,5,1220 Redwood Wy,849000
4148,53,1,654,1920,6413,1,2,3,219 Modoc Pl,849000
1041,56,1,657,1140,6000,2,2,3,744 Moana Way,849000
557,52,3,652,1990,7350,2,3,4,1145 Sheila Ln,849000
3631,37,2,653,2330,5643,2,2,3,818 Big Bend Dr,850000
3836,34,2,657,1480,5500,2,2,4,703 Canyon Dr,850000
4127,42,2,653,1820,8540,2,2.5,4,981 Park Pacifica Av,850000
4261,37,2,653,2230,5626,2,2.5,4,1087 Yosemite Dr,850000
4299,40,2,652,1550,10500,2,2,4,Crespi Dr,850000
4753,31,2,653,2100,7425,2,2,3,1126 Rainier,850000
4822,34,2,653,2020,11363,2,2.5,4,Big Bend Dr,850000
1614,34,1,654,2650,4500,2,4,4,345 Genevieve Av,850000
1156,60,1,654,1360,6744,1,3,3,218 Reichling,850000
1050,50,2,653,1760,5537,2,2.5,4,3 Yellowstone Way,850000
1035,58,1,656,1520,5040,2,2,3,540 Ridgeway Dr,850000
896,55,1,652,1530,8910,2,2,3,1078 View Way,850000
715,61,1,651,1370,5153,2,1,3,835 Arguello Blvd,850000
680,61,1,651,1400,7148,2,1,3,3 Ortega Ct,850000
530,55,1,651,1230,4639,2,2,3,837 Lisa Ct,850000
454,69,1,659,1270,5270,2,1.5,3,532 Johnson Ave,850000
347,57,2,651,1470,13950,2,2,3,68 Oviedo Ct,850000
239,66,1,659,1290,5358,1,2,3,107 Mckinney Ave,850000
250,46,1,654,1190,6800,2,2,3,948 Reina Del Mar Ave,850000
200,60,1,656,1130,5000,2,2,3,719 Lundy Way,850000
152,82,1,657,1100,5200,1,1,3,263 Pacific Ave,850000
222,57,1,651,1210,5000,2,2,3,1144 Seville Dr,854000
4920,46,2,653,2310,5000,2,2,5,7 Sheridan Pl,855000
706,46,2,653,2190,9300,2,2.5,3,11 Picardo Ct,855000
4855,28,2,657,2160,5774,2,2.5,3,Goodman Rd,858000
880,61,1,651,1970,5900,2,2.5,4,935 Crespi Dr,859000
3858,40,2,653,2060,6000,2,2,3,1176 Park Pacifica Av,860000
3904,34,2,653,2020,5500,2,2.5,4,15 Pio Pico Wy,860000
4148,51,1,651,1470,9000,2,2,3,796 Cordova Ct,860000
4360,33,1,653,1380,7250,2,2,3,1288 Park Pacifica Av,860000
4583,43,2,652,1570,7250,2,3.5,3,1164 Alicante Dr,860000
4962,45,2,657,1620,25000,2,3,3,534 Talbot Av,860000
1006,68,1,654,1160,5000,2,2,3,443 Reina Del Mar Ave,860000
781,60,1,651,1730,5886,2,2,4,1648 Toledo Ct,860000
686,52,2,654,1420,7200,2,2,3,334 Reichling Ave,860000
586,61,1,651,1430,5001,2,2,4,1131 Rosita Rd,860000
560,43,2,653,1670,7250,2,2,3,1216 Rainier Ave,860000
447,62,1,651,1320,5502,2,1.5,3,1336 Peralta Rd,860000
203,70,1,659,1140,5270,2,1,3,528 Del Mar Ave,860000
627,48,2,653,1900,5584,2,2,3,1069 Everglades Dr,861000
4332,32,2,653,2240,6480,2,3,4,1130 Rainier Av,863000
833,61,2,651,1330,5500,2,2,3,1044 Monte Verde Dr,863500
3927,36,2,653,2300,5400,2,3,5,760 Big Bend Dr,867000
4290,33,1,653,1410,9100,2,2,3,835 Cape Breton Dr,868000
683,61,2,651,1550,5760,2,2,3,Galvez Dr,868000
3924,57,2,657,1730,6750,2,2,3,426 Loma Vista Te,869000
4289,38,2,653,1930,5944,2,3,4,1254 Park Pacifica Av,869000
4964,32,2,653,1380,9600,2,3,3,21 Carleton Pl,870000
515,44,2,653,1360,5401,2,2,4,37 Cape Breton Ct,870000
539,61,1,651,1274,5000,2,1,3,1684 Toledo Ct,871000
585,53,1,652,1110,6599,2,2,3,7 Alviso Ct,873000
4428,45,2,657,1360,4000,2,1,2,343 San Pablo Te,875000
4501,32,2,653,2190,10080,2,3,4,1336 Oddstad Bl,875000
4470,27,3,655,2120,15000,2,2,3,Address Not Disclosed,875000
4540,50,1,654,1980,5500,2,2,5,130 Calaveras Av,875000
4876,35,1,653,1940,5663,2,2.5,3,961 Park Pacifica Av,875000
1022,52,2,651,2150,9064,2,2.5,4,845 Lisa Ct,875000
936,61,2,651,1750,5250,2,2,4,1064 Monte Verde Dr,875000
925,50,1,652,1910,10320,2,3,4,19 Spruce Ct,875000
907,49,1,653,1490,10176,2,2.5,3,1062 Yosemite Dr,875000
903,56,1,651,1260,7500,2,1,3,1519 Adobe Dr,875000
872,59,1,651,1800,6396,4,3,4,1468 Rosita Rd,875000
726,49,1,653,1810,15756,2,3,3,1058 Yosemite Dr,875000
628,55,1,652,1500,8500,2,2,3,16 Cranham Ct,875000
587,62,1,651,1250,5876,2,1,3,16 Cadiz Ct,875000
98,42,1,654,1400,5000,2,2,3,447 Reina Del Mar Ave,875000
4109,34,2,653,1700,5984,2,2.5,3,6 Brooks Pl,882500
4549,36,2,653,2000,7000,2,3,4,2 Woodrow Pl,885000
1002,55,2,654,1760,5000,1,2.5,3,712 Ursula Ave,885000
826,54,1,651,1667,5050,2,2,3,863 Silvia Ct,885000
596,39,2,655,2000,5250,2,2.5,3,150 Bayview Rd,885000
502,52,2,652,1470,7937,2,2,3,1347 Redwood Way,885000
482,62,1,651,1169,7500,2,1,3,921 Rio Vista Dr,885000
316,67,1,659,1110,7300,2,1,3,12 Milagra Ct,885000
74,53,2,652,1500,5300,2,2.5,3,Vega Ct,885000
4666,25,2,654,1750,5000,2,2.5,3,215 Nataqua,887000
407,55,1,652,1100,7200,2,2,3,1175 Manzanita Dr,888000
1005,60,1,651,1520,4850,2,2,4,1348 Castro Ct,890000
550,49,2,653,1400,6499,2,3,4,1125 Grand Teton Dr,890000
386,60,1,654,1160,5000,2,2,3,212 Lauren Ave,890000
307,61,2,652,2030,7200,2,2,3,4 Duran Ct,890000
1117,24,2,651,1870,5040,2,2.5,4,270 Marvilla Cir,895000
3934,59,2,657,1962,7250,1,2,3,311 Loma Vista Te,899000
502,67,1,654,1130,5001,1,2,2,197 Ramona Ave,899000
4647,24,2,653,2260,5357,2,3,5,775 Prairie Creek Dr,900000
4821,46,1,651,1800,11440,3,3,3,1380 Madrid Ct,900000
2700,52,2,651,2755,9150,3,3.5,3,1351 Crespi Dr,900000
1035,54,2,652,2250,7104,2,3,3,1464 Crespi Dr,900000
981,43,1,652,1988,5000,2,2,3,1165 Fassler Ave,900000
935,48,2,653,1490,5734,2,2,4,1043 Yosemite Dr,900000
914,45,1,653,2300,6100,2,2.5,3,1020 Glacier Way,900000
221,59,1,652,1300,9000,2,2,3,1252 Crespi Dr,900000
218,56,1,651,1375,5000,1,2,3,1030 Fassler Ave,900000
2727,31,3,655,2700,8600,2,2.5,3,419 Buel Av,901000
4485,44,2,653,1900,12000,2,3,5,1131 Glacier Av,905000
4634,35,2,653,2040,8500,2,3,3,Rainier Av,905000
244,62,1,651,1270,5200,2,2,4,1159 Rosita Rd,905000
74,60,1,656,1130,6000,2,2,3,703 Lundy Way,905000
167,59,1,651,1150,7500,2,2,3,1545 Adobe Dr,906500
1687,36,2,654,2110,5800,2,2.5,3,161 Minerva Av,907000
1639,43,3,654,2340,7904,2,3,5,220 Nataqua Av,910000
1057,45,2,653,1740,5346,2,2.5,3,771 Prairie Crk,910000
914,25,1,651,1970,5612,2,2.5,4,232 Marvilla Cir,910000
316,53,2,652,1580,5600,2,3,3,1343 Redwood Way,912000
1285,50,2,655,1680,5000,1,2,3,731 Rockaway Beach Av,915000
1037,50,2,653,1760,6652,2,2.5,4,18 Tioga Way,915000
152,37,1,655,1415,2725,2,1.5,2,499 Ebken St,915000
5,60,1,651,1370,6696,2,2,3,820 Crespi Dr,915000
3820,38,2,653,1760,6240,2,2.5,4,63 Kathleen Ct,916000
798,47,2,653,1790,5485,2,2,3,1266 Park Pacifica Ave,918000
391,52,1,652,1110,6370,2,2,3,1307 Redwood Way,918000
494,62,1,651,1340,5401,2,2,3,1196 Peralta Rd,920000
64,56,1,652,1500,8250,2,2,3,1157 Manzanita Dr,920000
305,63,1,651,1420,5000,2,2,4,1425 De Solo Dr,921000
4221,51,2,651,2240,4000,2,3,4,836 Corona Dr,925000
1324,56,2,657,2300,21216,2,3,4,545 Talbot Av,925000
774,36,2,653,1850,19000,2,2.5,3,1301 Aspen Dr,925000
792,49,2,653,1490,5832,2,3,3,1168 Park Pacifica Ave,925000
599,57,2,651,1640,5170,2,3,4,808 Standish Rd,925000
519,57,1,651,1100,5001,2,2,3,1112 Seville Dr,925000
365,53,1,652,1500,5253,2,2,3,1307 Poplar Ave,925000
305,53,1,653,1640,5880,2,2,3,1231 Aspen Dr,925000
154,67,1,659,1350,9000,1,2,3,Manor Dr,925000
391,47,2,653,2070,7902,2,3,4,1045 Everglades Dr,928357
340,68,1,659,1500,6000,1,2,3,259 Arroyo Dr,930000
133,64,1,654,1230,7500,1,2,3,104 Vallecito Ln,935000
78,62,1,654,1170,7590,2,2,3,268 Lauren Ave,935000
1264,20,2,651,2040,6249,2,2.5,4,22 Driftwood Ct,939000
4221,33,2,653,2200,5700,2,3,3,1323 Oddstad Bl,940000
4208,34,1,653,1940,7250,2,2.5,3,991 Park Pacifica Av,940000
886,59,2,652,1740,10432,2,2,3,16 Duran Ct,940000
120,46,1,653,1360,6000,2,2,4,647 Big Bend Dr,942000
783,50,2,652,1910,8432,2,3,4,1248 Lerida Way,946000
3924,27,2,654,1750,5000,2,2.5,3,215 Nataqua Av,950000
4187,37,2,651,2350,7500,2,3,4,1559 Adobe Dr,950000
4562,26,2,651,1850,21780,2,2.5,3,1438 Perez Dr,950000
574,61,1,656,1215,5401,2,2,3,267 Seaside Dr,950000
494,43,2,653,1925,7000,2,3,4,844 Cape Breton Dr,950000
434,49,1,653,2330,6508,2,2.5,4,1011 Big Bend Dr,950000
456,59,1,656,1130,6585,2,2,3,416 Cullen Dr,950000
460,51,2,653,1490,5171,2,3,3,1018 Yosemite Dr,950000
440,42,2,657,1840,5602,2,1.5,3,495 Loma Vista Ter,950000
270,55,2,652,2190,5150,2,2,3,1101 Fassler Ave,950000
320,46,2,653,2130,5000,2,2.5,3,736 Big Bend Dr,950000
237,27,1,655,1700,3000,2,3,3,425 Copeland St,950000
134,63,1,651,1370,4950,2,2,3,1127 Fernandez Way,950000
1111,46,2,653,2070,5700,2,3,5,1239 Park Pacifica Ave,955000
588,61,1,651,1380,9557,2,2,4,1156 Palou Dr,955000
4963,34,1,653,2600,5500,2,2.5,4,12 Sheridan Pl,960000
1152,60,1,654,2040,6744,1,4,4,216 Reichling Av,960000
643,52,2,652,1930,4796,2,3,3,1236 Lerida Way,960000
532,63,2,654,1430,7155,1,2,3,223 Modoc Pl,960000
545,47,1,657,1360,4495,2,2,3,421 Moana Way,960000
504,43,1,653,2380,5502,2,3,4,867 Cape Breton Dr,960000
333,38,2,653,1850,19000,2,2.5,3,1303 Aspen Dr,960000
235,42,1,653,1300,5775,2,2,3,724 Cape Breton Dr,960000
928,56,2,655,1800,7500,1,2,3,612 Rockaway Beach Ave,962000
617,53,2,652,1520,8812,2,2,3,1165 Sheila Ln,962000
1166,47,2,653,2320,6000,2,3,4,3 Banff Wy,965000
1000,60,1,651,2020,7800,2,2,3,1384 Peralta Rd,970000
454,53,1,652,1624,5502,2,3,3,18 Malavear Ct,970000
420,56,2,651,1750,6000,2,2,5,1205 Seville Dr,970000
403,59,1,654,2080,5001,3,2,3,201 Bonita Ave,970000
280,44,1,657,2133,8570,2,3,4,709 Canyon Dr,970000
32,62,1,651,1430,7021,2,2,4,1615 Linda Mar Blvd,970000
4568,28,1,654,2000,4000,2,2,3,169 Minerva Av,975000
529,43,1,653,2200,5702,2,3,4,1323 Oddstad Blvd,975000
398,66,1,654,1620,7501,2,2,3,448 Reina Del Mar Ave,975000
200,57,1,651,1140,7500,2,2,3,1028 Zamora Dr,975000
168,57,1,651,1100,7440,2,2,3,1080 Crespi Dr,975000
146,61,1,652,1170,6000,2,2,3,1276 Alvarado Ave,975000
237,46,2,653,1360,6000,2,2,4,1064 Glacier Ave,979000
629,57,2,655,1750,5000,1,2,3,540 Rockaway Beach Ave,980000
207,60,1,657,1240,4250,1,2,3,386 Pacific Ave,980000
172,53,2,652,1510,4984,2,2,3,1171 Mason Dr,980000
53,61,1,651,1620,5350,2,2,4,1411 Rosita Rd,980000
167,45,2,653,1360,5400,2,2,4,762 Prairie Creek Dr,985000
784,47,1,653,1940,6000,2,2.5,3,961 Park Pacifica Ave,988000
2784,42,2,651,2680,16200,2,3,3,1232 Springwood Wy,990000
838,60,2,651,1530,8360,1,2,5,1460 Flores Dr,990000
321,57,2,651,1510,6552,2,3,4,1285 Alicante Dr,990000
214,62,1,654,1650,8100,2,2,3,296 Reichling Ave,990000
1259,38,2,651,2175,9828,2,2.5,3,1212 Oakwood Ct,992000
4730,31,2,653,2982,8000,2,3.5,5,10 Cape Breton Ct,995000
452,47,2,653,1530,5350,2,3,3,8 Picardo Ct,995000
151,47,2,653,1540,7198,2,3,4,857 Big Bend Dr,998000
1498,55,1,651,2660,10164,2,3,4,1315 Crespi Dr,1000000
1056,28,2,654,2300,5000,2,3,3,169 Winona Ave,1000000
663,26,1,651,1970,5040,2,3,4,236 Marvilla Cir,1000000
496,44,2,653,2180,7562,2,3,3,30 Judson Pl,1000000
109,55,1,652,1600,9516,2,2,3,1132 Banyan Way,1000000
106,52,1,652,1500,5750,2,3,4,1279 Lerida Way,1000000
61,63,2,651,1656,5800,2,3,5,De Solo Dr,1000000
64,52,2,652,1670,6160,2,2,3,1281 Lerida Way,1005000
274,61,1,659,1725,5500,2,1,3,736 Edgemar Ave,1010000
237,63,1,651,1560,5000,2,2,4,852 Arguello Blvd,1010000
112,54,2,652,1680,7980,2,2.5,4,1114 Sheila Ln,1010000
481,54,1,652,2140,6604,2,3.5,4,1139 Banyan Way,1013000
1260,59,2,654,2560,4500,2,3,3,207 Reichling Av,1015000
214,55,2,651,1580,9350,2,3,3,1195 Alicante Dr,1015000
131,63,1,651,1560,5000,2,2,4,1335 Hermosa Ave,1015000
1254,29,3,654,2048,5000,1,3,2,260 Juanita Av,1020000
655,47,1,653,1950,5000,2,2.5,3,11 Sheridan Pl,1023000
4220,26,3,654,2340,5000,2,2.5,3,Genevieve Av,1025000
978,50,1,651,1800,10454,2,2,3,1208 Springwood Way,1025000
858,46,2,651,2375,7500,2,3,4,1559 Adobe Dr,1031600
4655,27,3,655,1730,20500,2,2,2,158 Bayview Rd,1035000
207,57,1,651,1600,6450,2,2,4,828 Dell Rd,1036000
827,50,1,657,1970,6324,2,2,4,507 Goodman Rd,1037000
217,63,1,651,1680,5000,2,2,4,1168 Fernandez Way,1045000
179,39,2,654,1960,4500,2,3,3,755 Fern Ave,1045000
189,23,1,651,1720,6802,2,2,3,17 Driftwood Ct,1049000
3605,88,2,654,2200,8830,3,3,4,119 Berendos Av,1050000
4303,45,1,654,1590,9000,2,1.5,3,Bonita Av,1050000
4520,40,2,653,2160,10267,2,3,3,7 Yellowstone Wy,1050000
203,57,1,659,1492,3000,1,2.5,4,420 Monterey Rd,1050000
104,47,1,653,2190,6344,2,3,4,823 Big Bend Dr,1050000
81,57,2,651,1300,7590,2,1.5,3,52 Oviedo Ct,1050000
12,64,1,654,1130,5450,1,2,3,239 Berendos Ave,1050000
112,57,1,652,1190,10000,2,2,3,1066 View Way,1069000
600,47,2,653,2270,5702,2,3,5,1241 Park Pacifica Ave,1070000
511,51,2,653,2370,10267,2,3,3,7 Yellowstone Way,1070000
298,52,2,654,1500,4500,2,3,3,335 Genevieve Ave,1070000
1525,48,2,654,2510,10665,2,3,4,342 Reichling Av,1075000
593,61,1,651,1460,9361,2,2,4,1607 Linda Mar Blvd,1075000
271,68,1,657,1375,6000,3,2,3,250 Moana Pl,1075000
1329,48,3,651,2650,6273,2,3.5,5,1641 Higgins Wy,1080000
152,48,2,653,1190,9168,2,2,3,1154 Grand Teton Dr,1090000
4106,28,2,657,2310,9411,2,2.5,3,403 Goodman Rd,1100000
855,42,2,653,2490,7840,2,3,4,1261 Oddstad Blvd,1100000
718,61,2,656,1690,6273,2,3,4,371 Greenway Dr,1100000
599,43,2,653,2460,7410,2,2.5,4,901 Park Pacifica Ave,1100000
560,43,2,653,1975,6800,2,3,4,1117 Rainier Ave,1100000
564,60,2,651,2000,5250,2,3,3,1481 Rosita Rd,1100000
554,53,1,654,1600,5001,2,3,4,273 Piedmont Ave,1100000
426,52,1,652,1870,7161,2,3,3,1241 Lerida Way,1100000
158,48,2,653,1520,6500,2,3,3,1155 Grand Teton Dr,1100000
274,60,1,651,1580,13020,2,2,3,1116 Tapis Way,1105000
372,37,2,653,1850,19000,2,2.5,3,1301 Aspen Dr,1110000
132,53,2,652,1921,5160,2,2,4,1150 Mason Dr,1110000
155,49,1,655,1600,7500,2,2,3,463 Ebken St,1116000
638,58,1,654,1600,4500,2,3,3,309 Genevieve Ave,1120000
455,56,1,652,1486,5249,2,3,4,1094 View Way,1120000
4660,36,2,651,2200,5922,2,2.5,3,1677 Higgins,1125000
924,37,1,654,2420,5800,2,2.5,3,145 Minerva Ave,1125000
90,58,1,657,1140,6000,2,2,3,744 Moana Way,1125000
522,64,1,654,1350,5876,1,2,4,155 Berendos Ave,1130000
364,52,1,652,1910,8432,2,3,4,1248 Lerida Way,1135000
405,53,1,651,2100,9675,2,2.5,4,871 Silvia Ct,1140000
3778,44,1,659,1550,8200,2,3,3,244 Shoreview Av,1150000
579,69,1,659,1580,5271,2,2,3,511 Edgemar Ave,1150000
188,25,3,657,1970,3366,2,2.5,3,572 Kohala Ave,1150000
82,46,2,653,2310,5880,2,3,4,753 Big Bend Dr,1150000
333,53,3,652,2170,25479,2,5,6,1233 Lerida Way A,1154000
145,42,2,653,1690,5250,2,2,3,728 Cape Breton Dr,1158000
523,41,1,653,2200,6399,2,3,4,732 Cape Breton Dr,1160000
320,53,1,652,1671,7550,2,3,3,1255 Alvarado Ave,1162000
298,53,1,654,1720,7501,2,2,3,219 Verona Ave,1170000
1029,64,1,654,2170,7500,2,2,3,171 Bonita Ave,1171000
504,47,2,651,2350,7500,2,3,5,1559 Adobe Dr,1175000
295,65,2,654,1970,5000,1,2,4,148 Juanita Ave,1175000
174,44,2,653,1850,7700,2,2,3,1253 Glacier Ave,1181000
496,43,1,653,2410,7841,2,3,3,1261 Oddstad Blvd,1185000
155,56,2,651,1510,6816,2,2,3,1468 Crespi Dr,1190000
803,75,1,654,2460,10000,3,2,4,202 Naomi Ave,1195000
1092,62,1,655,1880,8850,2,2,4,770 Rockaway Beach Ave,1200000
825,66,2,659,2225,4992,2,3,4,551 Esplanade Ave,1200000
552,50,2,653,1820,8533,2,2.5,4,788 Oddstad Blvd,1200000
203,48,2,653,2190,9300,2,2.5,3,15 Picardo Ct,1200000
74,44,2,653,1740,5100,2,3,4,1269 Glacier Ave,1200000
287,48,2,653,1990,9440,2,2,4,1071 Yosemite Dr,1205000
238,57,3,651,1560,8064,2,3,3,1068 Crespi Dr,1205000
837,35,2,654,1925,5000,2,2.5,3,215 Nataqua Ave,1208000
530,22,1,651,2040,5253,2,2.5,4,80 Driftwood Cir,1209000
4148,43,2,651,2180,13468,3,3.5,4,Address Not Disclosed,1210000
33,54,1,652,1500,5500,2,3,3,18 Malavear Ct,1210000
221,49,2,653,1850,5149,2,3,4,1056 Everglades Dr,1215000
288,27,1,657,2230,9583,2,3,3,490 Talbot Ave,1216750
558,61,2,651,2340,13142,3,3.5,5,776 Cordova Ct,1230000
88,45,1,653,1840,8870,2,3,3,956 Park Pacifica Ave,1246000
1222,61,2,657,2230,10744,2,3,5,328 Ressa Rd,1250000
162,46,1,653,2376,9800,2,2.5,4,944 Lincoln Pl,1257500
201,68,1,654,1407,5000,1,2,3,835 Reina Del Mar Ave,1265000
1259,71,1,654,2585,7500,2,4,4,538 Reina Del Mar Av,1295000
146,67,1,659,2760,5350,1,3,3,132 Mckinney Ave,1300000
154,48,2,653,2070,6200,2,3,5,95 Kathleen Ct,1300000
573,81,1,654,1830,7850,2,2,3,122 Berendos Ave,1305000
531,24,1,655,2200,5401,2,2.5,3,625 Rockaway Beach Ave,1325000
637,61,1,654,2560,4500,2,3,3,207 Reichling Ave,1330000
54,58,1,654,2580,7500,2,3,3,280 Angelita Ave,1351000
201,44,1,653,2340,6960,2,3,4,1352 Oddstad Blvd,1352000
146,62,1,651,1490,26200,2,2,3,1639 Toledo Ct,1371000
404,25,2,655,2120,19073,2,2,3,603 Rockaway Beach Ave A,1375000
487,46,2,653,2037,22057,4,3,4,712 Prairie Creek Dr,1445000
96,31,1,657,2440,6000,5,3,3,305 Pacific Ave,1550000
